Date,Gold_Price,Open_x,High_x,Low_x,Volume,Chg%,USD_Price,Open_y,High_y,Low_y,Change %,avg_sentiment,news_count
2020-07-17,49001,48812,49086,48760,28010,0.39,95.94,96.28,96.33,95.9,-0.42%,-0.042557353,68
2020-07-16,48811,49121,49246,48755,30040,-0.75,96.35,96.0,96.4,95.89,0.28%,-0.060970796,113
2020-07-15,49182,49240,49273,48951,37680,-0.19,96.08,96.17,96.25,95.78,-0.18%,0.00972605,119
2020-07-14,49277,49150,49299,48811,41500,0.2,96.26,96.54,96.7,96.18,-0.21%,-0.029301802,111
2020-07-13,49180,48920,49258,48920,34250,0.61,96.46,96.66,96.68,96.27,-0.19%,0.04769875,80
2020-07-10,48883,48900,49217,48731,38450,-0.03,96.65,96.75,96.97,96.44,-0.05%,0.005203704,81
2020-07-09,48896,49095,49298,48780,46250,-0.54,96.7,96.45,96.81,96.24,0.28%,-0.090029412,102
2020-07-08,49160,48701,49317,48635,42550,0.75,96.43,96.99,97.05,96.4,-0.47%,-0.051450602,83
2020-07-07,48796,48200,48829,48110,44010,1.14,96.88,96.75,97.15,96.6,0.16%,-0.035335955,89
2020-07-06,48247,47976,48300,47830,36250,-0.18,96.72,97.15,97.19,96.57,-0.46%,0.042562162,74
2020-07-03,48336,49304,49304,48100,70,-0.21,97.17,97.21,97.36,97.12,-0.15%,-0.102241667,48
2020-07-02,48437,48340,48529,47970,90,0.08,97.32,97.14,97.34,96.81,0.12%,-0.067364773,88
2020-07-01,48400,48986,49020,48251,330,-0.94,97.2,97.39,97.62,97.03,-0.20%,-0.032966667,99
2020-06-30,48861,48237,48999,48237,630,1.38,97.39,97.4,97.8,97.23,-0.15%,-0.08535283,106
2020-06-29,48194,48420,48513,48080,3740,-0.35,97.54,97.5,97.65,97.11,0.11%,-0.028262338,77
2020-06-26,48363,48030,48431,47825,26210,0.86,97.43,97.35,97.68,97.26,0.00%,-0.073635294,85
2020-06-25,47952,48048,48147,47830,28160,-0.32,97.43,97.24,97.6,97.16,0.29%,-0.013859794,97
2020-06-24,48105,48019,48421,47969,42480,-0.17,97.15,96.66,97.24,96.55,0.52%,-0.166368132,91
2020-06-23,48186,47899,48227,47726,35720,0.57,96.65,96.93,97.25,96.39,-0.40%,-0.028781333,75
2020-06-22,47912,47999,48259,47792,42280,0.01,97.04,97.66,97.74,97.0,-0.60%,-0.022560825,97
2020-06-19,47907,47300,47938,47300,37640,1.22,97.62,97.42,97.72,97.16,0.21%,-0.040686154,65
2020-06-18,47328,47290,47550,47130,39880,0.02,97.42,97.08,97.58,96.95,0.27%,-0.086272308,65
2020-06-17,47320,47363,47453,47020,35350,-0.45,97.16,97.01,97.34,96.8,0.21%,-0.025437349,83
2020-06-16,47534,47200,47610,46974,46860,1.14,96.96,96.56,97.25,96.43,0.26%,-0.0191,69
2020-06-15,46999,47200,47242,46569,42280,-0.69,96.71,97.09,97.39,96.6,-0.63%,0.001701235,81
2020-06-12,47325,47400,47493,47073,40800,-0.17,97.32,96.81,97.45,96.49,0.61%,-0.124949398,83
2020-06-11,47405,46767,47630,46767,53470,1.66,96.73,96.09,96.83,95.95,0.81%,-0.076992222,90
2020-06-10,46629,46614,46923,46502,34600,0.07,95.96,96.43,96.46,95.72,-0.38%,-0.100307143,84
2020-06-09,46595,46070,46666,45962,41710,1.05,96.32,96.63,97.06,96.23,-0.30%,-0.06141746,63
2020-06-08,46110,45800,46175,45772,39330,-0.51,96.62,96.84,97.07,96.6,-0.33%,-0.009695946,74
2020-06-05,46346,46750,46805,46100,60,-0.93,96.94,96.74,97.03,96.44,0.27%,0.004383871,62
2020-06-04,46781,46399,47125,46235,80,1.25,96.68,97.32,97.63,96.57,-0.62%,-0.012628037,107
2020-06-03,46203,46750,46851,46150,180,-1.27,97.28,97.57,97.63,97.18,-0.41%,-0.04531039,77
2020-06-02,46796,47090,47375,46753,220,-0.47,97.67,97.84,97.91,97.43,-0.16%,-0.009314667,75
2020-06-01,47018,46900,47299,46702,2009,0.34,97.83,98.3,98.32,97.79,-0.52%,-0.108226761,71
2020-05-29,46858,46579,46924,46468,24160,0.83,98.34,98.51,98.55,97.94,-0.04%,-0.012743182,44
2020-05-28,46474,46740,46930,46400,35540,-0.37,98.38,98.91,99.09,98.35,-0.69%,-0.094113008,123
2020-05-27,46647,46390,46698,45855,47490,0.55,99.06,99.02,99.34,98.72,0.16%,-0.01822381,84
2020-05-26,46393,47047,47150,46302,41020,-1.19,98.91,99.76,99.77,98.9,-0.96%,-0.006904348,92
2020-05-25,46953,46800,47029,46666,17270,-0.22,99.86,99.79,99.97,99.69,0.00%,-0.018613636,44
2020-05-22,47057,46420,47118,46420,42900,1.38,99.86,99.42,99.87,99.39,0.50%,0.005637313,67
2020-05-21,46417,46944,46980,46265,40760,-1.51,99.37,99.18,99.51,99.02,0.25%,-0.01238022,91
2020-05-20,47129,47165,47380,46850,40320,0.2,99.12,99.55,99.56,99.0,-0.25%,-0.022017073,82
2020-05-19,47036,46656,47180,46463,47800,0.82,99.37,99.62,99.73,99.23,-0.29%,-0.02495042,119
2020-05-18,46652,47500,47965,46550,65730,-1.48,99.67,100.36,100.47,99.58,-0.73%,0.043192453,53
2020-05-15,47352,46490,47420,46480,51030,1.55,100.4,100.26,100.49,100.08,-0.06%,-0.032649153,59
2020-05-14,46631,46020,46735,46020,47990,1.41,100.47,100.19,100.56,100.15,0.22%,0.004864286,84
2020-05-13,45983,45634,46087,45527,41420,0.76,100.24,100.01,100.28,99.58,0.31%,-0.080291026,78
2020-05-12,45635,45821,45970,45551,37850,-0.33,99.93,100.23,100.44,99.66,-0.30%,-0.05988427,89
2020-05-11,45785,45842,45980,45609,39590,-0.08,100.24,99.12,100.28,99.12,0.50%,-0.046029851,67
2020-05-08,45820,46050,46343,45751,53030,-0.71,99.73,99.84,99.94,99.1,-0.16%,-0.106863934,61
2020-05-07,46147,45450,46222,45355,40800,1.67,99.89,100.21,100.4,99.81,-0.20%,0.001023171,82
2020-05-06,45387,45700,45850,45330,37990,-0.33,100.09,99.79,100.2,99.75,0.38%,-0.008365217,69
2020-05-05,45539,45400,45590,44768,230,-0.49,99.71,99.51,99.97,99.3,0.23%,-0.029952055,73
2020-05-04,45762,45403,46090,45349,490,1.13,99.48,98.57,99.6,98.57,0.41%,0.035,63
2020-05-01,45251,44703,45380,44441,310,1.35,99.08,99.13,99.21,98.64,0.06%,-0.066589831,59
2020-04-30,44647,45642,45761,44200,2130,-1.74,99.02,99.48,99.72,98.81,-0.55%,-0.034954444,90
2020-04-29,45439,46290,46308,45401,4780,-1.62,99.57,99.88,99.89,99.46,-0.30%,-0.024662385,109
2020-04-28,46188,46290,46333,45750,25390,-0.36,99.86,100.06,100.21,99.45,-0.18%,-0.026365789,76
2020-04-27,46353,46352,46673,46250,36810,-0.42,100.04,100.23,100.32,99.83,-0.34%,-0.030717143,70
2020-04-24,46550,46491,46850,46160,43750,0.16,100.38,100.5,100.87,100.19,-0.05%,-0.032020619,97
2020-04-23,46475,46499,46680,46171,42680,0.62,100.43,100.45,100.69,100.04,0.04%,-0.02443871,93
2020-04-22,46189,45656,46290,45475,32759,1.78,100.39,100.21,100.5,99.9,0.13%,-0.035331783,129
2020-04-21,45383,45735,46275,45100,31180,-0.75,100.26,99.94,100.48,99.93,0.30%,-0.059173451,113
2020-04-20,45724,45400,45949,45265,24610,-0.29,99.96,99.71,100.07,99.65,0.17%,-0.053324691,81
2020-04-17,45855,47005,47005,45400,32290,-2.86,99.78,99.86,100.29,99.62,-0.24%,-0.008101905,105
2020-04-16,47203,46783,47290,46478,21660,1.09,100.03,99.63,100.3,99.61,0.57%,0.002561386,101
2020-04-15,46696,46499,46782,46030,26090,0.92,99.46,98.82,99.98,98.82,0.58%,-0.068565546,119
2020-04-13,46270,45499,46360,45499,19510,2.19,99.35,99.49,99.63,99.14,-0.17%,-0.03429863,73
2020-04-09,45279,44970,45330,44802,13160,0.75,99.52,100.13,100.3,99.36,-0.60%,-0.056499038,104
2020-04-08,44944,44762,45000,44650,12640,-0.22,100.12,99.91,100.43,99.9,0.22%,-0.065135088,114
2020-04-07,45043,44000,46299,44000,20590,1.68,99.9,100.75,100.79,99.77,-0.78%,-0.046455714,70
2020-04-03,44298,44190,44400,43860,80,1.65,100.58,100.2,100.85,100.14,0.40%,-0.078621642,134
2020-04-01,43578,42854,43645,42800,50,0.82,99.67,99.01,99.84,98.91,0.63%,-0.08918961,77
2020-03-31,43225,44373,44399,43060,290,-1.5,99.05,99.25,99.95,98.89,-0.13%,-0.134021296,108
2020-03-30,43883,43200,44180,43200,920,0.67,99.18,98.31,99.32,98.29,0.83%,-0.059685882,85
2020-03-27,43590,43520,43759,43035,20610,-0.09,98.36,99.29,99.81,98.27,-0.99%,-0.128898291,117
2020-03-26,43631,42400,43900,42000,34450,2.15,99.35,100.96,101.02,99.24,-1.68%,-0.02000463,108
2020-03-25,42713,42100,42889,41400,32140,2.01,101.05,101.6,101.91,100.84,-0.97%,-0.060187379,103
2020-03-24,41873,41451,42176,40115,40080,1.35,102.04,102.13,102.21,101.05,-0.44%,-0.044853763,93
2020-03-23,41317,40668,41500,39820,43820,2.22,102.49,101.95,102.98,101.65,-0.32%,-0.064466355,107
2020-03-20,40419,40049,40987,39885,46770,1.33,102.82,102.94,102.99,101.09,0.06%,-0.0592,137
2020-03-19,39889,39700,40170,39121,49450,0.31,102.75,100.79,102.94,100.77,1.58%,-0.08015241,166
2020-03-18,39764,40239,40480,39368,72460,-1.28,101.16,99.38,101.74,99.15,1.59%,-0.060336082,97
2020-03-17,40279,39750,40950,38700,82570,1.85,99.57,98.14,99.83,97.98,1.54%,-0.064774306,144
2020-03-16,39548,40802,41291,38419,106920,-2.07,98.07,98.7,98.7,97.45,-0.69%,-0.12491129,124
2020-03-13,40382,42000,42085,40155,66620,-4.35,98.75,97.45,98.81,97.33,1.31%,-0.175151261,119
2020-03-12,42217,43311,43615,41601,75050,-2.58,97.47,96.65,98.31,96.08,1.00%,-0.045267368,95
2020-03-11,43334,43690,43838,43270,35130,-0.82,96.51,96.33,96.69,95.91,0.10%,-0.077787129,101
2020-03-10,43694,44280,44280,43511,23910,-1.39,96.41,95.34,96.58,95.23,1.60%,-0.054602778,108
2020-03-09,44308,44200,44740,43829,61170,0.48,94.89,96.11,95.79,94.65,-1.10%,-0.151506494,77
2020-03-06,44098,44200,44881,43407,76250,0.51,95.95,96.61,96.7,95.71,-0.90%,-0.047600971,103
2020-03-05,43874,43050,44255,43050,370,1.48,96.82,97.38,97.44,96.51,-0.53%,-0.073,95
2020-03-04,43235,43100,43649,43006,90,0.31,97.34,97.17,97.59,97.12,0.19%,0.021210714,56
2020-03-03,43100,42050,43277,41960,70,2.58,97.15,97.56,97.69,96.98,-0.21%,-0.047653763,93
2020-03-02,42017,43014,43014,41689,310,0.61,97.36,98.12,98.12,97.18,-0.79%,-0.01921236,89
2020-02-28,41763,42350,43000,41248,4470,-1.02,98.13,98.42,98.66,97.96,-0.38%,-0.059216854,89
2020-02-27,42193,42460,42735,42154,18400,-0.37,98.51,99.02,99.05,98.36,-0.49%,-0.0688875,88
2020-02-26,42349,42470,42735,42006,26970,-0.76,99.0,99.08,99.27,98.91,0.03%,-0.039652703,74
2020-02-25,42675,43160,43200,42257,33280,-1.8,98.97,99.33,99.39,98.88,-0.39%,-0.052173077,104
2020-02-24,43456,42750,43585,42750,39100,2.22,99.36,99.34,99.64,99.11,0.10%,-0.0508375,72
2020-02-21,42511,42000,42571,42000,19670,1.49,99.26,99.86,99.87,99.23,-0.60%,0.032074359,39
2020-02-20,41886,41488,41987,41390,27950,1.02,99.86,99.54,99.91,99.53,0.16%,-0.004377586,58
2020-02-19,41463,41400,41486,41230,19080,0.37,99.71,99.43,99.72,99.38,0.27%,-0.047204478,67
2020-02-18,41311,40820,41343,40800,22270,1.54,99.44,99.19,99.47,99.14,0.44%,-0.040601563,64
2020-02-17,40686,40826,40843,40660,11090,-0.47,99.0,99.16,99.21,99.0,-0.12%,-0.055133333,45
2020-02-14,40879,40489,40912,40489,15050,0.74,99.12,99.12,99.17,99.0,0.06%,-0.045374324,74
2020-02-13,40580,40474,40625,40460,14930,0.38,99.07,98.99,99.11,98.85,0.02%,-0.034521951,82
2020-02-12,40427,40352,40464,40251,14130,0.18,99.05,98.77,99.05,98.71,0.33%,0.029316867,83
2020-02-11,40353,40510,40510,40243,17790,-0.63,98.72,98.86,98.95,98.71,-0.11%,0.012290278,72
2020-02-10,40607,40533,40635,40451,13040,0.11,98.83,98.7,98.88,98.6,0.15%,-0.061866154,65
2020-02-07,40563,40345,40633,40232,19970,0.69,98.68,98.46,98.72,98.42,0.19%,0.011485714,84
2020-02-06,40287,40043,40345,39972,15610,0.18,98.5,98.29,98.57,98.21,0.20%,-0.044652273,88
2020-02-05,40213,40690,40700,40100,40,0.39,98.3,97.94,98.32,97.9,0.35%,0.043211688,77
2020-02-04,40056,40618,40839,39750,100,-1.42,97.96,97.82,98.01,97.79,0.16%,0.004736634,101
2020-02-03,40633,41178,41178,40590,190,-1.13,97.8,97.37,97.89,97.37,0.42%,-0.04145463,108
2020-01-31,41012,40490,41161,40490,1150,0.28,97.39,97.87,97.97,97.35,-0.49%,-0.045957843,102
2020-01-30,40897,40400,40990,40400,4950,1.43,97.87,98.03,98.07,97.79,-0.12%,-0.008964646,99
2020-01-29,40321,40100,40380,40023,13240,0.3,97.99,97.95,98.19,97.94,-0.03%,-0.002570526,95
2020-01-28,40200,40523,40561,40130,19400,-0.88,98.02,97.95,98.16,97.9,0.06%,-0.026494048,84
2020-01-27,40557,40400,40721,40400,20090,0.58,97.96,97.88,98.0,97.78,0.11%,-0.035751613,31
2020-01-24,40322,40139,40399,39929,23430,0.17,97.85,97.72,97.95,97.67,0.16%,-0.029155357,56
2020-01-23,40255,39917,40274,39806,21340,0.91,97.69,97.48,97.8,97.43,0.16%,-0.043161728,81
2020-01-22,39893,39813,39939,39736,15260,0.0,97.53,97.62,97.69,97.44,0.00%,-0.042969307,101
2020-01-21,39892,40000,40150,39660,24670,-0.09,97.53,97.63,97.66,97.39,-0.08%,-0.053245679,81
2020-01-20,39927,39990,39990,39870,10010,0.02,97.61,97.64,97.73,97.58,-0.03%,-0.065121429,42
2020-01-17,39920,39749,39959,39684,15500,0.61,97.64,97.3,97.66,97.27,0.33%,0.005949153,59
2020-01-16,39676,39562,39762,39562,15820,0.2,97.32,97.18,97.36,97.08,0.09%,0.042616216,74
2020-01-15,39598,39600,39699,39464,18190,0.39,97.23,97.38,97.44,97.16,-0.14%,0.042490909,77
2020-01-14,39443,39500,39525,39280,19100,-0.25,97.37,97.36,97.56,97.33,0.03%,-0.016928736,87
2020-01-13,39541,39801,39801,39510,20340,-0.77,97.34,97.35,97.53,97.31,-0.02%,-0.037055,60
2020-01-10,39849,39721,39888,39550,26620,0.11,97.36,97.43,97.58,97.3,-0.09%,-0.045313115,61
2020-01-09,39806,40165,40165,39594,27520,-0.68,97.45,97.27,97.56,97.25,0.15%,-0.023044444,90
2020-01-08,40078,40792,41270,39893,47710,-1.37,97.3,96.83,97.35,96.82,0.31%,-0.012158904,73
2020-01-07,40635,40280,40666,40181,27470,0.46,97.0,96.65,97.09,96.62,0.34%,-0.094703279,61
2020-01-06,40448,40250,41049,40250,33170,1.31,96.67,96.9,96.9,96.54,-0.18%,-0.089644444,45
2020-01-03,39925,39520,40002,39486,210,1.8,96.84,96.79,97.11,96.71,-0.01%,0.00477234,47
2020-01-02,39220,38953,39685,38905,250,0.72,96.85,96.48,96.87,96.42,0.48%,-0.007868085,47
2020-01-01,38938,38980,39067,38900,120,-0.16,96.39,96.5,97.1,96.39,0.00%,-0.01617,10
2019-12-31,38999,39019,39099,38869,630,0.45,96.39,96.73,96.73,96.36,-0.36%,-0.034021569,51
2019-12-30,38823,38993,38994,38701,5570,-0.4,96.74,97.02,97.02,96.61,-0.19%,0.034865,40
2019-12-27,38978,38805,38995,38685,11520,0.54,96.92,97.54,97.55,96.92,-0.63%,0.009313333,15
2019-12-26,38767,38650,38816,38619,16480,0.37,97.53,97.62,97.71,97.49,-0.12%,0.029435135,37
2019-12-24,38624,38240,38644,38240,13880,1.03,97.65,97.66,97.8,97.61,-0.01%,-0.012627778,18
2019-12-23,38231,37999,38270,37999,10200,0.6,97.66,97.67,97.82,97.58,-0.03%,0.027205455,55
2019-12-20,38002,38076,38120,37965,12050,-0.28,97.69,97.39,97.76,97.38,0.32%,0.033192063,63
2019-12-19,38110,37998,38140,37880,13070,0.47,97.38,97.4,97.49,97.22,-0.02%,0.053017568,74
2019-12-18,37932,37937,37994,37817,12090,-0.08,97.4,97.23,97.47,97.22,0.19%,-0.002916176,68
2019-12-17,37961,37863,37987,37850,11990,0.23,97.22,97.14,97.3,97.03,0.21%,0.013122951,61
2019-12-16,37873,37740,37948,37735,13050,0.26,97.02,97.18,97.18,96.93,-0.15%,-0.006446774,62
2019-12-13,37776,37512,37810,37400,21940,0.58,97.17,96.78,97.24,96.72,-0.24%,-0.004254286,70
2019-12-12,37559,37749,38044,37500,22610,-0.36,97.4,97.08,97.52,96.59,0.33%,0.025647826,69
2019-12-11,37693,37602,37741,37554,10900,0.24,97.08,97.51,97.6,97.04,-0.34%,-0.004878205,78
2019-12-10,37604,37604,37728,37550,12400,-0.09,97.41,97.65,97.66,97.4,-0.24%,0.008927632,76
2019-12-09,37638,37774,37774,37610,9220,-0.29,97.64,97.68,97.72,97.56,-0.06%,-0.129529032,62
2019-12-06,37748,38087,38170,37711,16890,-0.91,97.7,97.38,97.84,97.36,0.30%,0.090929091,55
2019-12-05,38095,38245,38245,37800,30,-0.24,97.41,97.59,97.59,97.36,-0.25%,0.020048276,58
2019-12-04,38188,38563,38563,38081,50,-0.21,97.65,97.71,97.79,97.43,-0.09%,-0.007983824,68
2019-12-03,38267,37874,38400,37840,150,0.93,97.74,97.89,97.94,97.64,-0.12%,-0.071317978,89
2019-12-02,37915,38240,38240,37715,890,-0.12,97.86,98.27,98.38,97.81,-0.42%,-0.052956923,65
2019-11-29,37961,37770,38070,37711,4270,0.48,98.27,98.34,98.54,98.22,-0.10%,-0.021186441,59
2019-11-28,37780,37511,37837,37511,9500,0.54,98.37,98.33,98.4,98.26,0.00%,-0.037289189,74
2019-11-27,37578,37753,37753,37530,11790,-0.52,98.37,98.3,98.44,98.28,0.12%,0.0884,44
2019-11-26,37775,37747,37830,37615,15750,-0.02,98.25,98.33,98.38,98.23,-0.07%,-0.012475385,65
2019-11-25,37782,37891,37905,37736,14900,-0.38,98.32,98.27,98.38,98.17,0.05%,0.080959722,72
2019-11-22,37927,37975,38150,37905,20370,-0.12,98.27,97.93,98.31,97.84,0.29%,-0.018817333,75
2019-11-21,37971,38156,38200,37945,20030,-0.48,97.99,97.86,98.03,97.73,0.06%,-0.000218987,79
2019-11-20,38155,38218,38325,38020,23560,-0.13,97.93,97.84,98.04,97.84,0.07%,0.031590991,111
2019-11-19,38206,38223,38230,37920,24870,-0.06,97.86,97.81,97.89,97.75,0.07%,-0.047597333,75
2019-11-18,38228,37943,38249,37810,23230,0.59,97.79,97.98,97.98,97.68,-0.21%,0.021642857,77
2019-11-15,38002,38236,38236,37922,17270,-0.7,98.0,98.17,98.23,97.96,-0.16%,0.007006494,77
2019-11-14,38269,38106,38295,38060,20590,0.43,98.16,98.34,98.42,98.11,-0.21%,0.027723684,76
2019-11-13,38107,37820,38150,37800,23100,0.97,98.37,98.33,98.45,98.29,0.06%,-0.014919355,93
2019-11-12,37740,37650,37800,37542,12900,0.14,98.31,98.21,98.42,98.21,0.11%,-0.021373016,63
2019-11-11,37688,37710,37850,37532,17280,-0.05,98.2,98.37,98.38,98.13,-0.15%,0.004870769,65
2019-11-08,37705,37655,37880,37488,27500,0.29,98.35,98.14,98.4,98.1,0.21%,0.007970968,62
2019-11-07,37595,38188,38245,37536,27880,-1.68,98.14,97.95,98.23,97.82,0.19%,-0.010544554,101
2019-11-06,38239,37980,38273,37957,20310,-0.57,97.95,97.94,97.98,97.78,-0.03%,0.025502247,89
2019-11-05,38458,38839,39049,38300,170,-0.71,97.98,97.55,98.01,97.47,0.49%,0.027495181,83
2019-11-04,38734,39500,39500,38645,180,0.21,97.5,97.22,97.58,97.17,0.27%,-0.004813415,82
2019-11-01,38652,38759,38800,38518,720,-0.49,97.24,97.3,97.45,97.11,-0.11%,0.036987,100
2019-10-31,38842,38300,38898,38300,2300,1.23,97.35,97.44,97.45,97.22,-0.31%,0.025683607,122
2019-10-30,38369,38194,38384,38078,6370,0.68,97.65,97.67,98.0,97.45,-0.04%,-0.02988018,111
2019-10-29,38110,38063,38194,37988,11170,0.02,97.69,97.75,97.93,97.61,-0.07%,0.00405,88
2019-10-28,38103,38388,38388,38070,7520,-0.46,97.76,97.85,97.89,97.67,-0.07%,0.053015094,53
2019-10-25,38362,38450,38690,38325,19570,-0.23,97.83,97.69,97.9,97.57,0.20%,-0.00995,86
2019-10-24,38452,38175,38475,38109,14660,0.86,97.63,97.46,97.78,97.28,0.14%,0.069907595,79
2019-10-23,38124,38090,38249,38090,12600,0.26,97.49,97.49,97.65,97.42,-0.04%,0.0181,75
2019-10-22,38025,37901,38060,37900,13840,0.15,97.53,97.31,97.57,97.26,0.21%,-0.024639744,78
2019-10-21,37969,38098,38144,37940,10410,-0.4,97.33,97.34,97.4,97.15,0.05%,-0.029871667,60
2019-10-18,38121,38179,38212,38025,16230,-0.25,97.28,97.6,97.66,97.14,-0.34%,-0.003960317,63
2019-10-17,38216,38190,38250,38001,20290,-0.08,97.61,97.99,98.11,97.5,-0.40%,-0.053432099,81
2019-10-16,38248,38175,38271,37980,26510,0.48,98.0,98.32,98.42,97.9,-0.30%,-0.056904054,74
2019-10-15,38067,38259,38406,38021,23550,-0.48,98.29,98.45,98.64,98.21,-0.16%,0.022570513,78
2019-10-14,38250,37795,38286,37757,21990,1.09,98.45,98.36,98.53,98.34,0.15%,-0.038,56
2019-10-11,37839,38050,38263,37736,27080,-0.74,98.3,98.7,98.74,98.2,-0.41%,-0.022736709,79
2019-10-10,38120,38400,38434,38030,20640,-0.69,98.7,98.98,99.07,98.62,-0.42%,-0.070603659,82
2019-10-09,38384,38279,38418,38154,20030,0.37,99.12,99.09,99.16,98.9,-0.01%,-0.036260526,76
2019-10-08,38242,38179,38400,38179,10520,0.7,99.13,98.98,99.25,98.85,0.16%,-0.065883099,71
2019-10-07,37978,38225,38302,37765,15800,-0.06,98.97,98.82,99.0,98.74,0.16%,-0.14925,54
2019-10-04,38002,37948,38215,37879,150,-0.03,98.81,98.87,99.0,98.73,-0.05%,-0.044553731,67
2019-10-03,38012,37583,38215,37583,380,1.7,98.86,99.03,99.19,98.64,-0.16%,-0.068994805,77
2019-10-01,37377,36979,37507,36750,3670,1.37,99.13,99.4,99.67,99.07,-0.25%,-0.145570313,64
2019-09-30,36873,37600,37620,36811,17000,-2.21,99.38,99.12,99.46,99.05,0.27%,-0.060610345,58
2019-09-27,37706,37824,37824,37301,27420,-0.18,99.11,99.19,99.31,98.99,-0.02%,-0.061624324,74
2019-09-26,37773,37572,37825,37427,25210,0.54,99.13,98.96,99.28,98.84,0.09%,0.006411538,78
2019-09-25,37571,38010,38170,37455,27540,-1.37,99.04,98.38,99.06,98.36,0.71%,-0.084006306,111
2019-09-24,38091,37899,38140,37758,25610,0.49,98.34,98.64,98.7,98.29,-0.26%,-0.121562222,90
2019-09-23,37905,37750,37960,37725,19980,0.63,98.6,98.51,98.83,98.45,0.09%,-0.077861475,122
2019-09-20,37669,37700,37749,37437,20700,-0.01,98.51,98.34,98.64,98.14,0.24%,-0.115592308,78
2019-09-19,37672,37700,37767,37525,23030,-0.44,98.27,98.57,98.62,98.2,-0.29%,0.008941772,79
2019-09-18,37837,38067,38067,37728,19420,-0.42,98.56,98.21,98.69,98.19,0.31%,-0.139333784,74
2019-09-17,37995,38068,38165,37853,24420,-0.43,98.26,98.65,98.74,98.19,-0.35%,-0.059561,100
2019-09-16,38161,37749,38188,37749,25820,1.72,98.61,98.12,98.71,98.03,0.36%,-0.17837439,82
2019-09-13,37517,37700,37891,37451,28040,-0.61,98.26,98.41,98.43,97.86,-0.05%,0.041683871,31
2019-09-12,37747,37900,38215,37662,41660,-0.57,98.31,98.63,99.1,98.19,-0.33%,-0.053112963,108
2019-09-11,37965,38200,38260,37931,27740,-0.74,98.64,98.33,98.75,97.86,0.32%,-0.079741791,67
2019-09-10,38248,38382,38487,38200,18610,-0.55,98.33,98.33,98.46,98.26,0.05%,-0.048373469,49
2019-09-09,38459,38578,39699,38265,31730,-0.24,98.28,98.42,98.51,98.14,-0.11%,-0.012165152,66
2019-09-06,38551,38821,38962,38385,40450,0.12,98.39,98.42,98.52,98.01,-0.02%,0.022706897,29
2019-09-05,38504,39198,39370,38353,630,-2.12,98.41,98.4,98.53,98.08,-0.04%,-0.013782857,70
2019-09-04,39337,39337,39490,38981,1850,0.06,98.45,98.96,98.97,98.39,-0.56%,-0.043513433,67
2019-09-03,39314,38852,39431,38634,1200,1.57,99.0,99.08,99.37,98.92,0.08%,-0.102308197,61
2019-09-02,38708,38520,38800,38400,2320,1.07,98.92,98.83,99.13,98.81,0.00%,-0.047124444,45
2019-08-30,38300,38424,38588,38224,16910,-0.33,98.92,98.43,99.02,98.41,0.42%,-0.083461194,67
2019-08-29,38426,38740,38998,38289,24910,-0.89,98.51,98.19,98.55,98.16,0.31%,-0.009769231,65
2019-08-28,38772,38547,38879,38465,19150,0.33,98.21,98.01,98.26,98.0,0.21%,-0.042932394,71
2019-08-27,38644,38367,38679,38331,20050,0.6,98.0,98.05,98.05,97.86,-0.08%,-0.12149403,67
2019-08-26,38415,38550,38869,38360,28460,0.15,98.08,97.59,98.09,97.48,0.45%,-0.005196154,52
2019-08-23,38357,37700,38426,37595,28960,1.53,97.64,98.19,98.45,97.17,-0.54%,-0.096691964,112
2019-08-22,37779,37560,37800,37501,20060,0.48,98.17,98.25,98.39,98.08,-0.13%,-0.0939,63
2019-08-21,37598,37555,37636,37441,15780,-0.11,98.3,98.17,98.33,97.95,0.11%,-0.04993913,69
2019-08-20,37640,37400,37680,37350,19810,0.42,98.19,98.36,98.45,98.12,-0.16%,-0.028405882,68
2019-08-19,37484,37340,37525,37270,22990,-0.01,98.35,98.17,98.39,98.13,0.21%,-0.194286957,46
2019-08-16,37487,37880,37941,37281,24290,-0.53,98.14,98.13,98.34,98.11,0.00%,-0.119515686,51
2019-08-14,37688,37274,37844,37188,33320,1.13,97.99,97.8,98.05,97.67,0.18%,0.014066667,60
2019-08-13,37268,37860,38147,36860,41660,-1.44,97.81,97.48,97.85,97.32,0.44%,-0.052933333,60
2019-08-12,37812,37620,37909,37620,9180,0.68,97.38,97.53,97.74,97.32,-0.11%,-0.045397015,67
2019-08-09,37558,37419,37684,37355,22870,0.66,97.49,97.57,97.64,97.03,-0.13%,-0.090315094,53
2019-08-08,37311,37899,37899,37175,33790,-1.55,97.62,97.6,97.74,97.43,0.08%,-0.017455172,58
2019-08-07,37899,37250,38125,37250,44110,1.93,97.54,97.56,97.85,97.31,-0.09%,-0.002319718,71
2019-08-06,37182,37003,37207,36621,27320,1.28,97.63,97.25,97.77,97.21,0.11%,-0.070920968,62
2019-08-05,36711,36412,36775,36240,290,2.82,97.52,98.11,98.14,97.38,-0.56%,-0.064245313,64
2019-08-02,35705,35200,35840,35100,820,1.63,98.07,98.41,98.45,98.05,-0.30%,-0.029912,50
2019-08-01,35134,34520,35500,34430,2710,1.21,98.37,98.59,98.93,98.27,-0.15%,-0.133645283,106
2019-07-31,34714,34830,34830,34625,8500,-0.07,98.52,98.03,98.68,98.0,0.48%,-0.067224691,81
2019-07-30,34737,34823,34898,34520,18210,-0.15,98.05,98.07,98.21,98.02,0.01%,-0.060029487,78
2019-07-29,34788,34839,34881,34735,10730,-0.08,98.04,97.99,98.17,97.9,0.03%,0.0333375,56
2019-07-26,34815,34870,34905,34760,14310,-0.1,98.01,97.79,98.09,97.76,0.19%,0.159123077,39
2019-07-25,34850,34981,35121,34802,21460,-0.53,97.82,97.69,97.92,97.5,0.09%,-0.008677273,88
2019-07-24,35036,35012,35090,34921,15420,0.02,97.73,97.72,97.81,97.55,0.03%,-0.022108065,62
2019-07-23,35030,35065,35135,34907,20410,-0.32,97.7,97.3,97.74,97.3,0.45%,0.061883077,65
2019-07-22,35143,35100,35189,35035,16100,0.31,97.26,97.14,97.3,97.13,0.11%,0.022765455,55
2019-07-19,35033,35180,35380,35003,29520,-0.24,97.15,96.82,97.29,96.76,0.37%,-0.032986538,52
2019-07-18,35117,35100,35150,34851,31100,0.22,96.79,97.19,97.26,96.67,-0.44%,-0.003920313,64
2019-07-17,35039,34700,35080,34611,27570,0.87,97.22,97.36,97.44,97.16,-0.17%,-0.001844,50
2019-07-16,34738,34809,34839,34639,25480,-0.16,97.39,96.92,97.44,96.92,0.47%,0.016985915,71
2019-07-15,34792,34740,34850,34687,19680,-0.06,96.93,96.84,96.97,96.75,0.12%,-0.006780597,67
2019-07-12,34812,34698,34862,34611,23110,0.58,96.81,97.08,97.12,96.72,-0.25%,-0.005467568,37
2019-07-11,34612,34800,34995,34591,34610,-0.44,97.05,97.06,97.15,96.8,-0.05%,0.001027119,59
2019-07-10,34765,34469,34806,34332,31360,0.67,97.1,97.51,97.55,97.03,-0.40%,-0.003209836,61
2019-07-09,34533,34499,34581,34300,25570,-0.01,97.49,97.38,97.59,97.36,0.11%,-0.053283871,62
2019-07-08,34535,34550,34759,34475,23910,0.48,97.38,97.23,97.42,97.16,0.09%,-0.064801786,56
2019-07-05,34370,34395,35037,33900,40,1.02,97.29,96.72,97.44,96.72,0.54%,0.014954902,51
2019-07-04,34023,34199,34300,33911,180,-0.16,96.77,96.71,96.81,96.66,0.00%,-0.0598075,40
2019-07-03,34077,33801,34750,33801,190,0.88,96.77,96.73,96.87,96.59,0.04%,-0.06697234,47
2019-07-02,33779,33530,33804,33507,350,1.29,96.73,96.81,96.88,96.6,-0.11%,0.062472581,62
2019-07-01,33348,33777,33777,33210,3840,-1.76,96.84,96.25,96.87,96.25,0.74%,-0.044566102,59
2019-06-28,33947,34000,34200,33900,11220,0.05,96.13,96.19,96.3,96.02,-0.06%,0.07127069,58
2019-06-27,33931,34270,34270,33777,13580,-0.6,96.19,96.17,96.39,96.14,-0.02%,-0.073511268,71
2019-06-26,34135,34160,34173,33964,20450,-0.48,96.21,96.18,96.34,96.07,0.07%,-0.113719512,82
2019-06-25,34300,34345,34599,34160,30860,0.25,96.14,96.0,96.36,95.84,0.17%,-0.033816393,61
2019-06-24,34214,34100,34259,34031,15550,0.75,95.98,96.18,96.2,95.97,-0.25%,-0.091933333,60
2019-06-21,33960,33890,34297,33709,27580,0.36,96.22,96.62,96.71,96.09,-0.42%,-0.124795238,63
2019-06-20,33838,33000,33876,33000,26730,2.61,96.63,97.17,97.2,96.57,-0.50%,-0.065335185,54
2019-06-19,32976,32907,32999,32875,10560,0.11,97.12,97.63,97.68,97.09,-0.53%,-0.005893548,93
2019-06-18,32939,32974,33149,32846,21560,-0.07,97.64,97.53,97.77,97.37,0.08%,-0.032650526,95
2019-06-17,32961,33015,33080,32826,15540,-0.07,97.56,97.52,97.6,97.34,-0.01%,-0.058571053,38
2019-06-14,32984,32950,33241,32950,21100,0.3,97.57,97.01,97.58,96.94,0.58%,-0.025062295,61
2019-06-13,32884,32739,32918,32662,12030,0.61,97.01,96.96,97.08,96.87,0.01%,-0.085947059,68
2019-06-12,32685,32617,32776,32617,11390,0.33,97.0,96.71,97.02,96.58,0.32%,-0.018581333,75
2019-06-11,32576,32640,32662,32431,10980,-0.11,96.69,96.75,96.88,96.64,-0.07%,0.019501613,62
2019-06-10,32611,32800,32800,32585,9620,-0.78,96.76,96.64,96.94,96.63,0.23%,0.030934783,69
2019-06-07,32867,32641,32944,32610,18520,0.41,96.54,97.01,97.18,96.46,-0.52%,-0.079804286,70
2019-06-06,32734,32631,32760,32631,10040,0.39,97.04,97.29,97.35,96.78,-0.29%,-0.03300641,78
2019-06-05,32607,32540,32866,32540,11500,0.44,97.32,97.12,97.37,96.75,0.26%,-0.020716129,93
2019-06-04,32465,32500,32800,32300,120,0.19,97.07,97.21,97.33,97.0,-0.07%,-0.02038,80
2019-06-03,32405,32147,32499,32113,1290,0.85,97.14,97.64,97.8,97.11,-0.62%,-0.044111429,70
2019-05-31,32131,31810,32165,31810,8390,0.94,97.75,98.15,98.17,97.61,-0.40%,-0.068376563,64
2019-05-30,31831,31721,31896,31560,10730,0.22,98.14,98.13,98.28,98.09,0.00%,-0.0948375,64
2019-05-29,31760,31651,31850,31638,12930,0.61,98.14,97.92,98.21,97.86,0.19%,-0.099309677,62
2019-05-28,31569,31629,31718,31510,11670,-0.19,97.95,97.74,97.98,97.7,0.35%,0.103341667,48
2019-05-27,31630,31588,31716,31580,8360,0.24,97.61,97.57,97.79,97.55,0.00%,0.03037931,29
2019-05-24,31554,31681,31710,31518,10690,-0.45,97.61,97.83,97.91,97.55,-0.26%,-0.026163333,30
2019-05-23,31696,31401,31757,31265,16970,0.78,97.86,98.06,98.37,97.81,-0.18%,-0.113108511,94
2019-05-22,31452,31460,31568,31416,9610,0.03,98.04,98.02,98.12,97.89,-0.02%,-0.038066216,74
2019-05-21,31442,31549,31549,31410,11490,-0.39,98.06,97.92,98.13,97.82,0.13%,-0.172773973,73
2019-05-20,31566,31777,31777,31101,14610,-0.76,97.93,97.96,98.04,97.88,-0.07%,-0.10672459,61
2019-05-17,31809,31991,32039,31785,17350,-0.55,98.0,97.83,98.03,97.77,0.14%,-0.125902703,74
2019-05-16,31985,32261,32320,31931,18620,-0.86,97.86,97.54,97.88,97.44,0.30%,-0.056904598,87
2019-05-15,32261,32300,32410,32165,17660,0.04,97.57,97.53,97.7,97.44,0.04%,-0.03459359,78
2019-05-14,32248,32451,32451,32235,17750,-0.77,97.53,97.32,97.56,97.27,0.22%,-0.053576316,76
2019-05-13,32499,31900,32538,31885,25010,1.82,97.32,97.3,97.38,97.03,-0.01%,-0.056315854,82
2019-05-10,31917,31895,32004,31790,15880,-0.03,97.33,97.43,97.45,97.13,-0.04%,0.009744792,96
2019-05-09,31926,31749,32049,31719,18690,0.72,97.37,97.58,97.7,97.24,-0.26%,0.101369014,71
2019-05-08,31697,31740,31930,31676,16670,-0.13,97.62,97.57,97.68,97.42,-0.01%,-0.029013514,74
2019-05-07,31739,31600,31758,31542,12370,0.51,97.63,97.52,97.74,97.38,0.11%,0.023252,75
2019-05-06,31578,31495,31659,31495,12070,0.76,97.52,97.56,97.7,97.46,0.00%,-0.005079245,53
2019-05-03,31341,31250,31500,31163,80,0.44,97.52,97.83,98.1,97.41,-0.32%,0.081173077,26
2019-05-02,31203,31420,31425,31160,480,-1.14,97.83,97.63,97.85,97.51,0.14%,-0.063955294,85
2019-05-01,31563,31604,31657,31503,1550,-0.2,97.69,97.53,97.73,97.15,0.22%,0.072262687,67
2019-04-30,31625,31800,31824,31597,6440,-0.76,97.48,97.84,97.89,97.44,-0.39%,0.085407143,84
2019-04-26,31868,31851,31934,31705,9670,0.08,98.01,98.12,98.33,97.85,-0.19%,0.037622973,74
2019-04-25,31843,31750,31926,31641,11640,0.26,98.2,98.1,98.32,97.99,0.03%,-0.02869,90
2019-04-24,31759,31480,31799,31450,12640,0.74,98.17,97.59,98.19,97.59,0.54%,0.017393056,72
2019-04-23,31525,31490,31566,31401,9920,-0.02,97.64,97.28,97.78,97.28,0.36%,0.009585556,90
2019-04-22,31531,31497,31697,31497,9890,0.41,97.29,97.38,97.41,97.26,-0.09%,-0.030079688,64
2019-04-18,31403,31474,31544,31355,9870,-0.02,97.47,97.01,97.48,96.96,0.47%,0.040157692,78
2019-04-17,31410,31500,31525,31393,5650,-0.2,97.01,97.07,97.12,96.82,-0.03%,0.059928571,91
2019-04-16,31474,31700,31768,31453,14480,-0.9,97.04,96.93,97.09,96.88,0.10%,0.073415385,52
2019-04-15,31760,31710,31791,31570,8540,0.0,96.94,96.92,96.96,96.79,-0.03%,0.023386667,75
2019-04-12,31760,31721,31871,31705,11010,0.31,96.97,97.14,97.18,96.75,-0.22%,0.012604878,82
2019-04-11,31663,32148,32148,31638,17110,-1.59,97.18,96.89,97.19,96.88,0.24%,-0.0278125,80
2019-04-10,32174,32070,32197,31968,11740,0.24,96.95,96.99,97.22,96.85,-0.06%,-0.066840984,61
2019-04-09,32098,32131,32171,32020,11010,0.07,97.01,97.08,97.08,96.86,-0.04%,-0.035953333,75
2019-04-08,32076,31795,32155,31795,12900,1.62,97.05,97.39,97.4,96.98,-0.35%,-0.006617391,69
2019-04-05,31566,31535,31620,31400,60,0.2,97.39,97.3,97.47,97.19,0.08%,-0.043785075,67
2019-04-04,31503,31499,31549,31350,70,0.17,97.31,97.04,97.34,97.02,0.23%,-0.04778375,80
2019-04-03,31450,31499,31607,31318,170,-0.27,97.09,97.3,97.32,96.96,-0.28%,-0.007464286,84
2019-04-02,31535,31550,31590,31359,390,-0.11,97.36,97.33,97.52,97.27,0.13%,0.014781579,76
2019-04-01,31570,31588,31730,31542,4520,-0.42,97.23,97.18,97.39,97.03,-0.05%,-0.012977419,62
2019-03-29,31703,31600,31788,31510,11360,0.25,97.28,97.2,97.34,97.0,0.08%,0.031769565,69
2019-03-28,31624,31993,32030,31591,15060,-1.23,97.2,96.97,97.3,96.82,0.44%,-0.069593243,74
2019-03-27,32019,32101,32182,32000,17720,-0.29,96.77,96.75,96.98,96.68,0.03%,-0.055865714,70
2019-03-26,32113,32200,32200,32031,13040,-0.34,96.74,96.5,96.84,96.45,0.18%,-0.0328,81
2019-03-25,32223,32199,32245,32083,14020,0.21,96.57,96.64,96.68,96.41,-0.08%,-0.003322857,70
2019-03-22,32155,31869,32184,31748,19210,0.98,96.65,96.32,96.81,96.21,0.16%,0.001212,75
2019-03-21,31842,31899,32064,31806,9410,0.32,96.5,95.91,96.62,95.84,0.77%,0.009253521,71
2019-03-20,31740,31961,31961,31704,14380,-0.77,95.76,96.4,96.57,95.74,-0.64%,-0.071296296,81
2019-03-19,31985,31750,32017,31691,14670,0.95,96.38,96.51,96.52,96.29,-0.15%,-0.108858462,65
2019-03-18,31685,31800,31815,31590,12270,-0.53,96.52,96.56,96.63,96.38,-0.07%,-0.098238028,71
2019-03-15,31853,31895,31960,31768,13200,0.07,96.59,96.72,96.79,96.49,-0.20%,-0.06327069,58
2019-03-14,31832,32274,32274,31813,17210,-1.22,96.78,96.49,96.82,96.47,0.24%,-0.037807477,107
2019-03-13,32225,32088,32330,32088,13820,0.66,96.55,97.01,97.02,96.39,-0.40%,-0.088197321,112
2019-03-12,32015,31906,32056,31885,12060,0.31,96.94,97.05,97.28,96.86,-0.29%,-0.043196078,102
2019-03-11,31915,32214,32214,31897,12410,-0.8,97.22,97.39,97.45,96.92,-0.09%,-0.024934,100
2019-03-08,32174,31980,32235,31955,16620,0.71,97.31,97.61,97.64,97.25,-0.37%,-0.052419231,52
2019-03-07,31946,31959,31980,31800,14750,-0.03,97.67,96.83,97.71,96.81,0.83%,0.014275806,62
2019-03-06,31954,32136,32300,31885,16710,-0.19,96.87,96.9,96.99,96.78,0.00%,-0.085113483,89
2019-03-05,32015,33435,33440,32000,240,-1.51,96.87,96.67,97.01,96.66,0.20%,-0.060821795,78
2019-03-04,32505,32394,32601,32315,150,-0.09,96.68,96.34,96.82,96.33,0.16%,-0.071749057,53
2019-03-01,32533,32857,32953,31915,1560,-1.12,96.53,96.22,96.55,96.07,0.38%,0.016450685,73
2019-02-28,32902,33189,33260,32877,8130,-0.81,96.16,96.09,96.28,95.82,0.01%,-0.020411538,78
2019-02-27,33171,33300,33466,33138,9400,-0.17,96.15,96.06,96.19,95.88,0.16%,0.059101299,77
2019-02-26,33228,33225,33450,33205,9010,0.21,96.0,96.39,96.46,95.95,-0.43%,-0.052351163,86
2019-02-25,33159,33385,33398,33130,8440,-0.63,96.41,96.52,96.6,96.32,-0.10%,-0.067531944,72
2019-02-22,33369,33302,33413,33190,9550,0.2,96.51,96.59,96.78,96.42,-0.10%,-0.019229091,55
2019-02-21,33302,33630,33658,33265,14500,-1.24,96.61,96.49,96.66,96.36,0.17%,-0.045882716,81
2019-02-20,33719,33800,33877,33680,9090,-0.1,96.45,96.53,96.65,96.29,-0.07%,-0.049983099,71
2019-02-19,33753,33499,33797,33434,11910,0.87,96.52,96.81,97.08,96.43,-0.39%,-0.04649375,80
2019-02-18,33463,33333,33484,33333,8880,0.6,96.9,96.81,96.9,96.65,0.00%,-0.017294595,37
2019-02-15,33263,32992,33280,32992,11790,0.89,96.9,97.06,97.37,96.83,-0.08%,0.003405333,75
2019-02-14,32970,32862,33000,32765,11450,0.19,96.98,97.14,97.28,96.95,-0.15%,-0.010002326,86
2019-02-13,32909,32727,33028,32680,10850,0.49,97.13,96.73,97.26,96.63,0.43%,0.066977528,89
2019-02-12,32747,32915,32945,32721,9360,-0.56,96.71,97.06,97.2,96.65,-0.36%,0.091457895,76
2019-02-11,32931,33060,33082,32811,11150,-0.59,97.06,96.66,97.12,96.62,0.43%,0.046101887,53
2019-02-08,33125,33000,33142,32910,9430,0.21,96.64,96.6,96.69,96.45,0.13%,-0.069118421,38
2019-02-07,33056,33169,33200,32951,10600,-0.5,96.51,96.39,96.67,96.38,0.12%,-0.042566667,84
2019-02-06,33222,33199,33378,33175,7270,-0.48,96.39,96.06,96.42,96.04,0.33%,0.025076119,67
2019-02-05,33381,33549,33549,33250,130,-0.22,96.07,95.83,96.12,95.81,0.23%,-0.003954412,68
2019-02-04,33455,34247,34400,33285,420,0.15,95.85,95.6,95.92,95.57,0.28%,0.007925,68
2019-02-01,33405,33119,33500,32997,3120,0.92,95.58,95.55,95.66,95.4,0.00%,0.043349206,63
2019-01-31,33100,32937,33245,32903,10390,0.6,95.58,95.35,95.62,95.16,0.25%,0.036411607,112
2019-01-30,32903,32900,32975,32807,9820,0.04,95.34,95.79,95.98,95.25,-0.50%,0.011605556,72
2019-01-29,32891,32570,32967,32530,13050,1.09,95.82,95.74,95.87,95.62,0.07%,0.014983333,72
2019-01-28,32536,32383,32570,32383,10900,0.61,95.75,95.79,95.92,95.64,-0.04%,-0.065493023,86
2019-01-25,32339,32057,32367,32019,13030,1.01,95.79,96.49,96.53,95.74,-0.84%,0.03676338,71
2019-01-24,32016,32100,32147,31986,9550,-0.37,96.6,96.07,96.68,96.04,0.50%,-0.008130864,81
2019-01-23,32135,32105,32199,32060,10910,-0.06,96.12,96.31,96.37,96.05,-0.19%,-0.059292857,84
2019-01-22,32154,32030,32189,31949,12040,0.36,96.3,96.34,96.48,96.22,-0.04%,-0.01692619,84
2019-01-21,32039,32052,32184,31985,8900,-0.16,96.34,96.35,96.43,96.2,0.00%,-0.077145763,59
2019-01-18,32089,32295,32305,32052,12630,-0.51,96.34,96.07,96.39,96.01,0.29%,-0.044679412,68
2019-01-17,32253,32300,32363,32190,12920,-0.06,96.06,96.07,96.26,95.98,0.00%,0.030581159,69
2019-01-16,32272,32148,32299,32103,11360,0.32,96.06,95.94,96.18,95.86,0.02%,-0.023071831,71
2019-01-15,32169,32066,32273,32064,12590,0.12,96.04,95.57,96.26,95.47,0.45%,0.082046575,73
2019-01-14,32130,32050,32194,31963,13650,0.65,95.61,95.65,95.72,95.48,-0.06%,-0.042181967,61
2019-01-11,31924,31907,32065,31888,10560,0.14,95.67,95.44,95.76,95.19,0.14%,-0.049920896,67
2019-01-10,31878,32090,32119,31855,13330,-0.36,95.54,95.16,95.62,95.03,0.34%,-0.023922549,102
2019-01-09,31993,31685,32016,31639,14630,0.81,95.22,95.81,95.92,95.12,-0.71%,-0.071564179,67
2019-01-08,31736,31616,31758,31572,10840,0.27,95.9,95.69,96.03,95.68,0.24%,0.098676744,43
2019-01-07,31652,31536,31748,31456,12800,-0.09,95.67,96.16,96.16,95.64,-0.53%,-0.011366071,56
2019-01-04,31679,32686,32686,31460,60,-0.81,96.18,96.28,96.61,96.05,-0.13%,-0.083385965,57
2019-01-03,31939,32000,32045,31836,170,0.02,96.31,96.72,96.75,96.21,-0.53%,-0.170549057,53
2019-01-02,31934,31530,32500,31510,400,1.19,96.82,96.14,96.96,95.82,0.68%,-0.039877273,44
2019-01-01,31560,31550,31651,31410,680,0.23,96.17,96.15,96.32,95.65,0.00%,-0.0783875,24
2018-12-31,31489,31452,31583,31284,6600,-0.05,96.17,96.4,96.51,96.0,-0.24%,-0.01288,15
2018-12-28,31506,31576,31629,31462,6640,-0.33,96.4,96.51,96.52,96.19,-0.08%,5.2381e-05,42
2018-12-27,31611,31499,31647,31426,8010,0.47,96.48,96.92,96.94,96.41,-0.59%,0.056332609,46
2018-12-26,31463,31430,31643,31400,10030,0.28,97.05,96.58,97.12,96.53,0.52%,-0.010356522,23
2018-12-24,31375,31300,31395,31177,8570,0.8,96.55,96.94,96.94,96.38,-0.42%,-0.128973684,19
2018-12-21,31126,31115,31292,31075,9910,-0.3,96.96,96.39,97.05,96.25,0.71%,0.018219403,67
2018-12-20,31219,31027,31250,30914,12970,0.26,96.28,96.99,97.04,96.17,-0.77%,0.035544578,83
2018-12-19,31139,31167,31500,30967,8760,0.21,97.03,96.91,97.1,96.55,-0.07%,-0.021621951,82
2018-12-18,31075,31589,31650,31041,10180,-1.35,97.1,97.13,97.17,96.7,0.00%,-0.102646575,73
2018-12-17,31501,31369,31530,31291,5970,0.2,97.1,97.43,97.46,97.05,-0.35%,-0.072672581,62
2018-12-14,31437,31440,31514,31384,6750,0.07,97.44,97.09,97.71,97.08,0.39%,0.024259155,71
2018-12-13,31414,31550,31600,31337,8430,-0.67,97.06,97.04,97.29,96.88,0.02%,-0.049193333,75
2018-12-12,31626,31749,31749,31582,7570,-0.58,97.04,97.38,97.49,96.89,-0.36%,-0.005551667,60
2018-12-11,31812,31850,31850,31618,10530,-0.26,97.39,97.18,97.55,96.87,0.17%,-0.162274138,58
2018-12-10,31895,31459,31966,31420,14090,1.45,97.22,96.72,97.24,96.36,0.74%,-0.08586875,48
2018-12-07,31440,31011,31480,30941,11240,1.4,96.51,96.8,96.92,96.51,-0.31%,-0.090907792,77
2018-12-06,31005,31039,31196,30974,10550,0.26,96.81,97.01,97.2,96.55,-0.27%,-0.12700354,113
2018-12-05,30926,30830,30970,30825,40,-0.12,97.07,97.01,97.2,96.83,0.10%,0.006374026,77
2018-12-04,30964,30874,31085,30874,80,0.57,96.97,96.94,97.13,96.38,-0.07%,-0.0307375,80
2018-12-03,30787,30322,30850,30257,1600,1.99,97.04,97.13,97.16,96.71,-0.24%,-0.018854667,75
2018-11-30,30186,30233,30320,30155,7630,-0.22,97.27,96.76,97.31,96.71,0.51%,-0.020762963,81
2018-11-29,30253,30399,30399,30210,6690,-0.67,96.78,96.84,97.0,96.63,-0.01%,-0.063381579,76
2018-11-28,30457,30400,30593,30270,8400,0.11,96.79,97.37,97.54,96.69,-0.60%,-0.114958333,84
2018-11-27,30423,30585,30648,30389,7860,-0.49,97.37,97.03,97.5,96.97,0.31%,0.037790141,71
2018-11-26,30574,30472,30672,30470,7680,0.2,97.07,96.93,97.1,96.66,0.15%,-0.0494625,56
2018-11-23,30513,30551,30566,30427,4660,-0.33,96.92,96.51,96.98,96.4,0.22%,0.002480357,56
2018-11-22,30613,30852,30899,30555,9810,-0.73,96.71,96.72,96.72,96.32,0.00%,-0.080749231,65
2018-11-21,30839,30800,30910,30750,7740,0.03,96.71,96.82,96.87,96.5,-0.13%,-0.083886207,58
2018-11-20,30830,30811,30994,30800,8350,-0.19,96.84,96.2,96.89,96.04,0.68%,0.016240541,74
2018-11-19,30888,31068,31068,30785,8150,-0.42,96.19,96.43,96.57,96.12,-0.29%,-0.11789125,80
2018-11-16,31017,30856,31158,30830,10100,0.6,96.47,97.05,97.06,96.4,-0.47%,0.009096296,54
2018-11-15,30831,30830,30939,30753,8710,-0.02,96.93,97.01,97.39,96.77,0.13%,-0.095283696,92
2018-11-14,30838,30700,30867,30620,7550,0.19,96.8,97.03,97.41,96.75,-0.51%,-0.079335135,74
2018-11-13,30778,31110,31110,30756,8280,-0.76,97.3,97.6,97.66,96.94,-0.25%,-0.097535821,67
2018-11-12,31014,31106,31178,30975,7770,-0.03,97.54,97.05,97.69,96.97,0.65%,0.060542857,49
2018-11-09,31023,31302,31383,30965,10710,-1.23,96.91,96.63,97.01,96.62,0.20%,-0.041877193,57
2018-11-08,31408,31551,31551,31234,6110,-0.61,96.72,96.19,96.74,96.07,0.75%,0.034559551,89
2018-11-07,31602,31660,31678,31530,1800,-0.17,96.0,95.99,96.46,95.68,-0.33%,0.069383333,48
2018-11-06,31657,31718,31869,31641,9160,-0.4,96.32,96.33,96.45,96.14,0.04%,0.026933333,63
2018-11-05,31783,31785,31898,31630,180,0.14,96.28,96.44,96.68,96.25,-0.27%,0.009213889,108
2018-11-02,31737,31737,31999,31530,540,-0.14,96.54,96.31,96.59,95.99,0.27%,-0.012201695,59
2018-11-01,31783,31671,31818,31619,1580,0.48,96.28,97.08,97.11,96.2,-0.88%,-0.019256716,67
2018-10-31,31631,31650,31780,31590,5670,-0.3,97.13,96.99,97.2,96.88,0.12%,0.013302,50
2018-10-30,31725,31755,31789,31651,5960,-0.02,97.01,96.66,97.02,96.62,0.45%,0.048222581,62
2018-10-29,31730,31847,31847,31692,6670,-0.11,96.58,96.44,96.7,96.35,0.23%,-0.005778788,66
2018-10-26,31764,31779,31993,31725,13310,0.26,96.36,96.59,96.86,96.29,-0.33%,-0.005159649,57
2018-10-25,31683,31800,31912,31663,9540,-0.13,96.68,96.36,96.73,96.21,0.26%,0.076783495,103
2018-10-24,31723,31820,31844,31585,9820,-0.46,96.43,95.92,96.53,95.91,0.49%,-0.011670667,75
2018-10-23,31871,31721,32053,31721,13470,0.45,95.96,96.03,96.16,95.81,-0.05%,0.026454545,66
2018-10-22,31729,31738,31749,31641,6730,-0.03,96.01,95.66,96.09,95.47,0.31%,-0.036137037,54
2018-10-19,31737,31805,31867,31703,7590,-0.46,95.71,95.95,96.09,95.54,-0.20%,-0.063931746,63
2018-10-18,31885,31670,31909,31638,5540,0.58,95.9,95.66,95.99,95.49,0.33%,-0.026088,75
2018-10-17,31702,31670,31839,31635,8630,0.0,95.58,95.09,95.66,95.06,0.56%,-0.006578378,74
2018-10-16,31701,31877,31957,31680,10710,-0.55,95.05,95.05,95.2,94.79,-0.01%,0.039669118,68
2018-10-15,31877,31723,32075,31723,14310,0.65,95.06,95.35,95.37,94.95,-0.17%,0.024394828,58
2018-10-12,31670,31699,31720,31574,10610,-0.39,95.22,95.04,95.37,94.95,0.21%,-0.050751163,86
2018-10-11,31793,31300,31815,31250,17380,1.75,95.02,95.43,95.43,94.99,-0.51%,0.063342857,70
2018-10-10,31247,31235,31265,31151,6580,0.28,95.51,95.59,95.79,95.38,-0.17%,0.039303279,61
2018-10-09,31161,31200,31275,31115,7310,0.21,95.67,95.75,96.16,95.64,-0.09%,0.032165517,58
2018-10-08,31096,31369,31389,31083,9960,-0.44,95.76,95.62,96.03,95.59,0.15%,0.048014,50
2018-10-05,31233,31101,31288,30985,70,0.31,95.62,95.76,95.94,95.52,-0.14%,-0.071231034,58
2018-10-04,31136,31072,31164,31015,40,0.36,95.75,96.05,96.12,95.55,-0.01%,-0.002087671,73
2018-10-03,31025,30890,31168,30889,190,1.34,95.76,95.46,96.12,95.26,0.26%,-0.06272,55
2018-10-01,30614,30399,30660,30376,2220,0.44,95.3,95.11,95.37,95.0,0.18%,0.029847917,96
2018-09-28,30479,30398,30520,30264,8850,0.41,95.13,95.02,95.37,94.92,0.25%,-0.038754286,70
2018-09-27,30356,30738,30738,30321,10280,-0.82,94.89,94.25,95.01,94.21,0.74%,-0.021798077,52
2018-09-26,30608,30824,30830,30587,9120,-0.75,94.19,94.17,94.4,93.95,0.06%,-0.037107246,69
2018-09-25,30838,30821,30864,30755,7690,-0.08,94.13,94.25,94.37,94.01,-0.06%,-0.006818966,58
2018-09-24,30862,30620,30899,30620,10490,0.83,94.19,94.23,94.37,93.84,-0.03%,-0.016228,50
2018-09-21,30609,30731,30910,30455,15510,-0.05,94.22,93.89,94.33,93.81,0.33%,-0.072430435,46
2018-09-20,30623,30700,30700,30585,3970,-0.08,93.91,94.55,94.56,93.83,-0.67%,-0.104475,84
2018-09-19,30649,30821,30936,30634,13100,-0.53,94.54,94.54,94.73,94.32,-0.11%,-0.050759649,57
2018-09-18,30811,30710,30925,30652,11960,0.11,94.64,94.61,94.73,94.31,0.15%,-0.094552381,63
2018-09-17,30778,30509,30800,30509,13770,1.07,94.5,94.93,94.98,94.44,-0.45%,-0.039075,60
2018-09-14,30453,30501,30648,30401,11820,-0.06,94.93,94.55,95.0,94.36,0.43%,0.049312857,70
2018-09-13,30470,30576,30690,30450,6630,-0.63,94.52,94.83,94.97,94.43,-0.30%,-0.040912766,94
2018-09-12,30664,30682,30779,30443,15880,-0.22,94.8,95.1,95.28,94.73,-0.47%,-0.033917391,69
2018-09-11,30732,30660,30744,30559,11400,0.02,95.25,95.15,95.35,94.88,0.11%,-0.00124127,63
2018-09-10,30725,30549,30748,30526,11420,0.71,95.15,95.43,95.56,95.03,-0.22%,-0.009684906,53
2018-09-07,30509,30643,30643,30405,9440,-0.18,95.36,95.02,95.46,94.87,0.36%,-0.012941667,60
2018-09-06,30565,30366,30693,30366,14800,0.84,95.02,95.1,95.21,94.93,-0.17%,-0.036450877,57
2018-09-05,30310,30257,30494,30250,50,0.29,95.18,95.4,95.66,95.08,-0.27%,-0.029594505,91
2018-09-04,30221,30238,30300,30154,170,-0.35,95.44,95.14,95.74,95.14,0.32%,-0.02662,60
2018-09-03,30327,30075,30448,30062,1440,0.7,95.14,95.19,95.22,95.01,0.00%,-0.014012121,33
2018-08-31,30116,30224,30298,30055,5780,-0.05,95.14,94.7,95.22,94.55,0.44%,-0.01949403,67
2018-08-30,30131,30110,30269,30082,6310,-0.04,94.72,94.53,94.9,94.47,0.13%,-0.055223214,56
2018-08-29,30144,29977,30168,29977,6080,0.54,94.6,94.73,94.93,94.53,-0.13%,-0.026146154,52
2018-08-28,29981,30015,30170,29951,6780,0.03,94.72,94.77,94.91,94.43,-0.06%,0.006021569,51
2018-08-27,29973,29930,30045,29863,6670,0.3,94.78,95.17,95.3,94.69,-0.39%,-0.036912903,62
2018-08-24,29882,29550,29900,29550,9030,1.03,95.15,95.64,95.69,95.03,-0.54%,-0.109625,56
2018-08-23,29576,29666,29666,29490,5980,-0.17,95.67,95.17,95.71,95.15,0.55%,-0.079275,64
2018-08-22,29627,29450,29733,29450,4610,0.29,95.15,95.21,95.38,94.93,-0.12%,0.054675,52
2018-08-21,29542,29460,29565,29436,6270,0.36,95.26,95.74,95.75,95.08,-0.67%,0.042007692,26
2018-08-20,29435,29388,29459,29350,5660,0.55,95.9,96.13,96.4,95.73,-0.21%,-0.065433333,72
2018-08-17,29275,29291,29375,29184,6000,0.0,96.1,96.61,96.66,96.09,-0.56%,-0.034365789,38
2018-08-16,29275,29615,29615,29222,10270,-1.31,96.64,96.72,96.77,96.32,-0.06%,-0.012286538,52
2018-08-14,29664,29665,29740,29575,4990,0.0,96.73,96.33,96.79,96.14,0.35%,-0.050192308,52
2018-08-13,29665,29750,29836,29644,7720,-0.14,96.39,96.32,96.52,96.16,0.03%,-0.094242105,57
2018-08-10,29706,29625,29744,29540,7310,0.34,96.36,95.64,96.45,95.53,0.90%,-0.180979167,48
2018-08-09,29605,29565,29665,29529,5580,0.21,95.5,95.1,95.62,95.03,0.47%,0.008292727,55
2018-08-08,29544,29560,29630,29500,6450,0.03,95.05,95.14,95.42,94.99,-0.18%,-0.072505634,71
2018-08-07,29534,29604,29668,29520,5980,-0.1,95.22,95.34,95.37,94.99,-0.15%,0.044420339,59
2018-08-06,29563,29656,29656,29538,4019,-0.8,95.36,95.2,95.52,95.2,0.23%,0.003445614,57
2018-08-03,29800,29520,29900,29425,110,0.95,95.14,95.18,95.37,94.98,-0.02%,0.059160526,38
2018-08-02,29520,29532,29638,29477,920,0.2,95.16,94.63,95.19,94.61,0.57%,-0.055570513,78
2018-08-01,29462,29591,29670,29441,2140,-0.59,94.62,94.56,94.71,94.49,0.14%,0.017655319,47
2018-07-31,29638,29730,29740,29561,6630,-0.39,94.49,94.33,94.57,94.16,0.18%,-0.029650562,89
2018-07-30,29755,29726,29782,29700,4900,-0.17,94.32,94.66,94.76,94.26,-0.37%,-0.028057407,54
2018-07-27,29805,29960,29960,29682,7530,-0.1,94.67,94.76,94.91,94.63,-0.08%,0.073232558,43
2018-07-26,29836,29912,29952,29816,5770,-0.41,94.75,94.16,94.8,94.08,0.41%,0.022161333,75
2018-07-25,29959,29867,30035,29835,7580,0.16,94.36,94.59,94.67,94.14,-0.26%,-0.00624,65
2018-07-24,29912,29860,29978,29780,7690,-0.01,94.61,94.67,94.86,94.4,-0.06%,-0.0223675,80
2018-07-23,29914,29922,30043,29862,7100,-0.14,94.67,94.43,94.72,94.21,0.23%,0.001394444,54
2018-07-20,29957,29788,29977,29767,7070,0.15,94.45,95.13,95.28,94.36,-0.74%,-0.079461765,34
2018-07-19,29913,29671,29968,29624,8400,0.38,95.15,95.08,95.65,94.93,0.07%,-0.083260215,93
2018-07-18,29799,29999,29999,29671,7920,0.14,95.08,95.03,95.41,94.96,0.15%,0.006814943,87
2018-07-17,29757,30102,30120,29740,9280,-1.15,94.94,94.55,95.06,94.3,0.45%,-0.039666667,81
2018-07-16,30103,30151,30248,30074,5560,-0.09,94.51,94.69,94.77,94.41,-0.25%,0.030072289,83
2018-07-13,30131,30169,30210,30035,7170,-0.15,94.75,94.89,95.24,94.67,-0.06%,-0.027568132,91
2018-07-12,30175,30315,30315,30161,7750,-0.56,94.81,94.7,94.94,94.64,0.10%,-0.0403125,56
2018-07-11,30344,30502,30545,30325,6020,-0.68,94.72,94.2,94.77,94.09,0.61%,-0.129442857,63
2018-07-10,30551,30663,30679,30436,7520,-0.28,94.15,94.06,94.47,94.02,0.07%,0.013091228,57
2018-07-09,30638,30613,30788,30613,7260,0.18,94.08,93.97,94.21,93.71,0.04%,-0.098066667,57
2018-07-06,30582,30650,30740,30570,4840,0.13,94.04,94.36,94.49,93.92,-0.46%,-0.162998438,64
2018-07-05,30541,30600,30640,30495,20,0.1,94.47,94.51,94.59,94.18,-0.21%,-0.079690164,61
2018-07-04,30510,30463,30550,30463,40,0.13,94.67,94.52,94.71,94.4,0.00%,-0.036465957,47
2018-07-03,30469,30185,30600,30100,190,1.05,94.67,94.84,94.98,94.56,-0.38%,-0.025716071,56
2018-07-02,30153,30380,30412,30000,2260,-0.69,95.03,94.63,95.14,94.53,0.41%,-0.106525333,75
2018-06-29,30363,30404,30449,30288,5610,-0.22,94.64,95.3,95.32,94.47,-0.79%,0.049543284,67
2018-06-28,30431,30588,30604,30408,4320,-0.57,95.39,95.27,95.53,95.09,0.13%,-0.084658667,75
2018-06-27,30606,30466,30631,30435,6000,0.41,95.27,94.67,95.42,94.53,0.64%,-0.117763014,73
2018-06-26,30480,30512,30574,30335,6410,-0.2,94.66,94.29,94.77,94.17,0.40%,-0.089247458,59
2018-06-25,30540,30500,30648,30500,4980,0.14,94.28,94.5,94.7,94.21,-0.25%,-0.042623529,85
2018-06-22,30498,30410,30554,30387,6810,0.15,94.52,94.86,94.88,94.43,-0.23%,-0.056708475,59
2018-06-21,30451,30575,30575,30367,6940,-0.5,94.74,95.13,95.53,94.68,-0.34%,0.007175714,70
2018-06-20,30605,30680,30702,30580,4930,-0.32,95.06,94.97,95.3,94.92,-0.02%,0.003470513,78
2018-06-19,30702,30848,30899,30673,7270,-0.23,95.08,94.63,95.3,94.53,0.30%,-0.099136559,93
2018-06-18,30773,30799,30836,30721,4810,-0.1,94.8,94.79,95.05,94.7,0.01%,-0.039933333,63
2018-06-15,30804,31180,31195,30755,11170,-1.09,94.79,94.91,95.13,94.65,0.02%,-0.048923377,77
2018-06-14,31145,30973,31178,30973,8590,0.62,94.77,93.5,94.93,93.19,1.13%,0.0433,58
2018-06-13,30952,30936,30994,30920,3910,0.0,93.71,93.83,94.03,93.52,-0.10%,0.005143836,73
2018-06-12,30952,31001,31001,30873,6950,-0.27,93.8,93.67,93.91,93.47,0.24%,0.036540909,88
2018-06-11,31035,31070,31083,30920,7520,-0.13,93.58,93.54,93.68,93.37,0.03%,-0.114966102,59
2018-06-08,31076,31011,31196,30950,8180,0.07,93.55,93.44,93.82,93.39,0.16%,-0.017393056,72
2018-06-07,31055,30820,31075,30789,8210,0.98,93.4,93.58,93.59,93.21,-0.28%,-0.05321383,94
2018-06-06,30755,30876,30913,30720,6330,0.18,93.66,93.88,93.89,93.42,-0.26%,-0.017615714,70
2018-06-05,30699,30673,30935,30656,80,-0.03,93.9,94.06,94.32,93.78,-0.13%,-0.040316438,73
2018-06-04,30708,30650,30812,30580,340,0.46,94.02,94.16,94.19,93.66,-0.18%,-0.102365,100
2018-06-01,30568,30796,30839,30458,2070,-1.02,94.19,93.95,94.45,93.88,0.22%,-0.107708654,104
2018-05-31,30882,31050,31120,30837,6070,-0.48,93.98,94.07,94.25,93.72,-0.18%,-0.103563855,83
2018-05-30,31030,31120,31123,30937,9140,-0.49,94.15,94.82,94.97,94.04,-0.72%,-0.018071831,71
2018-05-29,31184,31020,31320,31020,12380,0.69,94.83,94.41,95.03,94.28,0.68%,-0.067675904,83
2018-05-28,30971,31150,31150,30885,6810,-0.71,94.19,94.25,94.5,93.86,0.00%,0.006969231,13
2018-05-25,31194,31370,31427,31172,10050,-0.85,94.19,93.8,94.3,93.75,0.46%,-0.07060274,73
2018-05-24,31461,31241,31486,31235,11060,0.88,93.76,93.9,93.98,93.61,-0.26%,-0.036048649,74
2018-05-23,31186,31121,31369,31103,11980,0.24,94.0,93.55,94.19,93.51,0.42%,-0.10342381,63
2018-05-22,31111,31025,31173,31005,7330,-0.01,93.61,93.54,93.73,93.29,-0.07%,-0.089921739,69
2018-05-21,31114,31035,31139,30925,8029,0.07,93.68,93.69,94.06,93.51,0.04%,-0.060258571,70
2018-05-18,31093,30971,31115,30950,7380,0.35,93.64,93.5,93.83,93.34,0.18%,-0.06315,94
2018-05-17,30986,31001,31001,30852,8540,-0.07,93.47,93.26,93.56,93.12,0.09%,-0.01794086,93
2018-05-16,31007,31171,31171,30941,10730,-0.57,93.39,93.31,93.63,93.14,0.18%,-0.068469565,92
2018-05-15,31186,31425,31499,31172,14510,-0.98,93.22,92.65,93.46,92.61,0.68%,-0.018918072,83
2018-05-14,31496,31450,31544,31380,7900,-0.01,92.59,92.55,92.69,92.24,0.05%,0.117704878,82
2018-05-11,31500,31340,31545,31340,8840,0.47,92.54,92.69,92.84,92.37,-0.12%,0.024440323,62
2018-05-10,31352,31338,31470,31231,10730,0.16,92.65,93.08,93.16,92.54,-0.42%,-0.020574138,58
2018-05-09,31303,31219,31364,31156,9930,0.33,93.04,93.05,93.42,92.84,-0.09%,-0.034223529,68
2018-05-08,31200,31220,31238,31075,8690,-0.15,93.12,92.73,93.28,92.65,0.40%,-0.034592424,66
2018-05-07,31247,31125,31300,31125,6160,0.58,92.75,92.57,92.97,92.45,0.19%,-0.096607273,55
2018-05-04,31068,30907,31154,30907,130,0.21,92.57,92.43,92.9,92.35,0.17%,-0.038842857,63
2018-05-03,31003,30925,31146,30861,210,0.25,92.41,92.72,92.76,92.34,-0.11%,-0.084722951,61
2018-05-02,30926,31020,31350,30860,500,0.17,92.51,92.47,92.83,92.22,0.06%,0.032954717,53
2018-05-01,30874,30855,30917,30735,860,-0.24,92.45,91.81,92.57,91.8,0.66%,0.018807229,83
2018-04-30,30947,31090,31090,30892,6380,-0.58,91.84,91.53,91.92,91.48,0.33%,-0.019507937,63
2018-04-27,31129,31101,31189,31047,6100,-0.09,91.54,91.56,91.99,91.49,-0.02%,-0.02378125,64
2018-04-26,31158,31251,31276,31112,6270,-0.46,91.56,91.21,91.64,90.96,0.43%,0.059406757,74
2018-04-25,31301,31298,31324,31215,6170,0.12,91.17,90.76,91.26,90.75,0.44%,-0.016264646,99
2018-04-24,31262,31160,31280,31068,6350,0.31,90.77,90.92,91.08,90.71,-0.20%,0.042497368,76
2018-04-23,31164,31300,31300,31110,6670,-0.48,90.95,90.35,90.98,90.32,0.70%,-0.03422807,57
2018-04-20,31314,31405,31440,31285,6020,-0.52,90.32,89.9,90.48,89.89,0.42%,-0.044165333,75
2018-04-19,31479,31449,31517,31305,8780,0.22,89.94,89.62,89.95,89.5,0.36%,-0.058798571,70
2018-04-18,31410,31243,31483,31177,9900,0.49,89.62,89.5,89.78,89.45,0.11%,-0.043240678,59
2018-04-17,31257,31139,31280,31089,9190,0.29,89.52,89.41,89.67,89.23,0.11%,-0.030350704,71
2018-04-16,31167,31055,31227,31050,8090,0.52,89.42,89.77,89.85,89.39,-0.42%,-0.029667143,70
2018-04-13,31005,30922,31075,30770,9890,0.35,89.8,89.76,89.88,89.66,0.06%,-0.022227692,65
2018-04-12,30897,31176,31217,30857,13210,-1.11,89.75,89.52,89.96,89.44,0.20%,0.012076812,69
2018-04-11,31244,30820,31422,30820,18120,1.45,89.57,89.58,89.67,89.36,-0.02%,0.03445,88
2018-04-10,30798,30613,30819,30585,8760,0.4,89.59,89.83,89.97,89.54,-0.28%,0.003909783,92
2018-04-09,30675,30600,30693,30556,7600,0.23,89.84,90.07,90.27,89.82,-0.30%,-0.026339474,76
2018-04-06,30605,30571,30650,30413,13420,0.33,90.11,90.38,90.6,90.07,-0.39%,-0.143327273,77
2018-04-05,30505,31500,31500,30450,60,-1.23,90.46,90.09,90.59,90.07,0.36%,-0.02404058,69
2018-04-04,30886,30660,30972,30600,70,0.85,90.14,90.16,90.23,89.92,-0.07%,-0.02930098,102
2018-04-03,30625,30893,30893,30552,330,-1.09,90.2,90.02,90.28,89.85,0.17%,0.001644,75
2018-04-02,30961,30580,31080,30510,1380,1.76,90.05,89.97,90.15,89.82,0.09%,-0.072491071,56
2018-03-29,30426,30482,30578,30403,3200,-0.3,90.15,90.11,90.18,89.9,0.10%,-0.08184557,79
2018-03-28,30518,30732,30750,30490,8560,-0.65,90.06,89.32,90.15,89.25,0.82%,0.03305641,78
2018-03-27,30717,30871,30888,30685,9460,-0.56,89.33,89.02,89.63,88.94,0.34%,-0.0146,81
2018-03-26,30889,30840,30915,30771,7330,-0.04,89.03,89.47,89.52,88.98,-0.50%,0.026294667,75
2018-03-23,30901,30550,30947,30550,13640,1.29,89.48,89.67,89.74,89.4,-0.42%,-0.030045333,75
2018-03-22,30506,30522,30615,30472,11330,0.14,89.86,89.65,89.96,89.4,0.09%,-0.02752043,93
2018-03-21,30464,30310,30539,30284,11320,0.59,89.78,90.41,90.4,89.63,-0.65%,-0.011786585,82
2018-03-20,30284,30393,30393,30220,9130,-0.49,90.37,89.88,90.44,89.85,0.67%,-0.023761842,76
2018-03-19,30432,30222,30453,30129,11620,0.6,89.77,90.2,90.34,89.76,-0.51%,-0.001675,20
2018-03-16,30251,30275,30364,30184,10020,-0.21,90.23,90.14,90.38,89.89,0.10%,-0.067155,20
2018-03-15,30314,30456,30474,30288,8330,-0.33,90.14,89.75,90.17,89.62,0.49%,-0.13361,20
2018-03-14,30413,30399,30545,30364,9560,0.09,89.7,89.7,89.89,89.56,0.04%,-0.02456,20
2018-03-13,30387,30350,30409,30222,10980,0.15,89.66,89.91,90.11,89.59,-0.26%,-0.1126275,40
2018-03-12,30340,30380,30432,30284,7370,-0.22,89.89,90.11,90.19,89.84,-0.22%,-0.11038,20
2018-03-09,30408,30413,30474,30290,10960,-0.09,90.09,90.2,90.36,90.0,-0.10%,-0.128555,40
2018-03-08,30436,30491,30533,30390,7750,-0.08,90.18,89.59,90.23,89.44,0.60%,-0.06474,20
2018-03-07,30461,30620,30639,30404,10100,-0.35,89.64,89.51,89.78,89.41,0.02%,-0.0754725,40
2018-03-06,30568,30400,30669,30365,10810,0.46,89.62,89.96,90.06,89.43,-0.51%,-0.048775,20
2018-03-05,30429,30400,30535,30310,180,-0.14,90.08,89.83,90.22,89.83,0.16%,0.07362,20
2018-03-02,30473,30445,30575,30400,150,0.97,89.94,90.25,90.29,89.88,-0.42%,0.01469,20
2018-03-01,30181,30307,30372,30111,1470,-0.8,90.32,90.67,90.93,90.21,-0.32%,-0.093085,20
2018-02-28,30423,30319,30475,30277,5120,0.39,90.61,90.41,90.7,90.31,0.28%,0.13115,20
2018-02-27,30306,30518,30597,30270,7860,-0.69,90.36,89.8,90.5,89.69,0.57%,0.053995,40
2018-02-26,30518,30520,30620,30492,5840,0.09,89.85,89.96,90.05,89.5,-0.03%,-0.017825,20
2018-02-23,30492,30497,30508,30426,5140,-0.24,89.88,89.78,90.06,89.76,0.16%,-0.00472,20
2018-02-22,30564,30450,30580,30380,6530,0.34,89.74,90.16,90.23,89.64,-0.29%,-0.11635,40
2018-02-21,30459,30500,30516,30371,7080,-0.21,90.0,89.71,90.16,89.59,0.31%,-0.140075,20
2018-02-20,30524,30668,30737,30505,9250,-0.62,89.72,89.24,89.8,89.22,0.70%,-0.015875,20
2018-02-19,30715,30717,30777,30678,4030,-0.23,89.1,89.1,89.44,88.95,0.00%,-0.05918,40
2018-02-16,30785,30600,30811,30600,8670,0.77,89.1,88.57,89.23,88.25,0.58%,-0.063115,40
2018-02-14,30605,30220,30693,30066,12870,1.36,89.12,89.69,90.12,88.94,-0.65%,-0.0911575,40
2018-02-12,30133,30102,30175,30017,6400,0.45,90.21,90.35,90.43,90.07,-0.25%,-0.0384625,40
2018-02-09,29999,30060,30110,29889,9200,-0.35,90.44,90.25,90.56,90.12,0.23%,-0.16802,20
2018-02-08,30103,29905,30147,29783,11100,0.42,90.23,90.27,90.57,90.01,-0.02%,0.00447,40
2018-02-07,29976,30219,30259,29950,8730,-0.68,90.25,89.63,90.4,89.47,0.75%,-0.053925,20
2018-02-06,30182,30320,30650,30160,12070,-0.34,89.58,89.66,90.03,89.37,0.03%,-0.1066525,40
2018-02-05,30286,30385,30498,30008,190,-0.37,89.55,89.35,89.7,89.02,0.40%,-0.01739,20
2018-02-01,30512,30125,30550,30050,1810,1.49,88.67,89.04,89.33,88.56,-0.52%,-0.0709925,40
2018-01-31,30064,30085,30172,29976,5480,0.04,89.13,89.1,89.3,88.78,-0.03%,-0.023725,20
2018-01-30,30052,30000,30197,29960,6810,-0.07,89.16,89.36,89.64,88.91,-0.17%,-0.0659225,40
2018-01-29,30074,30285,30285,30004,8630,-0.96,89.31,89.11,89.62,89.01,0.27%,-0.116865,20
2018-01-25,30367,30310,30476,30185,9880,0.41,89.39,89.32,89.58,88.44,0.20%,0.0058,20
2018-01-24,30244,29907,30290,29879,11080,1.23,89.21,90.0,90.11,89.16,-1.01%,-0.06585,20
2018-01-23,29876,29836,29924,29752,7020,0.23,90.12,90.39,90.59,90.06,-0.31%,-0.01695,40
2018-01-22,29806,29701,29825,29701,5520,0.21,90.4,90.44,90.7,90.35,-0.19%,-0.042425,20
2018-01-19,29743,29615,29775,29600,5950,0.33,90.57,90.5,90.7,90.16,0.08%,0.11052,20
2018-01-18,29644,29702,29702,29501,9530,-0.39,90.5,90.78,90.98,90.41,-0.04%,-0.06904,40
2018-01-17,29761,29876,29884,29705,6830,-0.23,90.54,90.41,91.0,90.11,0.17%,-0.1531575,40
2018-01-16,29830,29780,29860,29754,8690,0.23,90.39,90.44,90.82,90.34,-0.64%,-0.1842625,40
2018-01-15,29763,29590,29785,29590,6000,0.71,90.97,90.94,90.94,90.28,0.00%,-0.18395,20
2018-01-12,29553,29425,29590,29425,9230,0.51,90.97,91.85,91.88,90.9,-0.96%,-0.13927,20
2018-01-11,29404,29338,29420,29315,5810,0.21,91.85,92.33,92.55,91.79,-0.52%,-0.080525,20
2018-01-10,29343,29155,29444,29123,10830,0.58,92.33,92.57,92.57,91.92,-0.22%,-0.02973,40
2018-01-09,29173,29265,29278,29153,5420,-0.33,92.53,92.34,92.64,92.21,0.18%,-0.143785,20
2018-01-08,29270,29235,29290,29176,5900,-0.66,92.36,92.06,92.4,91.88,0.45%,-0.032445,20
2018-01-05,29465,29500,29550,29440,190,-0.02,91.95,91.87,92.1,91.78,0.11%,-0.04764,20
2018-01-04,29472,29365,29475,29276,200,-0.03,91.85,92.22,92.26,91.8,-0.34%,0.026985,20
2018-01-03,29481,29385,29492,29385,190,0.3,92.16,91.82,92.26,91.81,0.32%,0.04359,20
2018-01-02,29392,29332,29463,29332,1700,0.23,91.87,92.24,92.25,91.75,-0.41%,0.00127,20
2017-12-28,29171,29150,29220,29099,5060,0.27,92.6,93.0,93.02,92.57,-0.46%,0.040825,20
2017-12-27,29092,28890,29110,28888,5160,0.58,93.03,93.3,93.31,92.96,-0.25%,0.043535,20
2017-12-22,28757,28560,28790,28560,6080,0.56,93.35,93.37,93.56,93.31,0.08%,0.01347,20
2017-12-21,28596,28645,28665,28542,5630,-0.07,93.28,93.31,93.5,93.23,-0.03%,0.05042,20
2017-12-20,28617,28618,28658,28557,6070,0.22,93.31,93.5,93.53,93.16,-0.14%,0.00065,20
2017-12-19,28555,28656,28680,28535,5950,-0.38,93.44,93.71,93.76,93.43,-0.27%,-0.179765,20
2017-12-18,28663,28492,28683,28470,6170,0.78,93.69,93.98,94.03,93.38,-0.26%,-0.07307,40
