Date,Gold_Close,USD_Close
2017-12-18,28663.0,93.69
2017-12-19,28555.0,93.44
2017-12-20,28617.0,93.31
2017-12-21,28596.0,93.28
2017-12-22,28757.0,93.35
2017-12-26,28924.0,93.26
2017-12-27,29092.0,93.03
2017-12-28,29171.0,92.6
2017-12-29,29372.0,92.12
2018-01-01,29324.0,92.25
2018-01-02,29392.0,91.87
2018-01-03,29481.0,92.16
2018-01-04,29472.0,91.85
2018-01-05,29465.0,91.95
2018-01-08,29270.0,92.36
2018-01-09,29173.0,92.53
2018-01-10,29343.0,92.33
2018-01-11,29404.0,91.85
2018-01-12,29553.0,90.97
2018-01-15,29763.0,90.97
2018-01-16,29830.0,90.39
2018-01-17,29761.0,90.54
2018-01-18,29644.0,90.5
2018-01-19,29743.0,90.57
2018-01-22,29806.0,90.4
2018-01-23,29876.0,90.12
2018-01-24,30244.0,89.21
2018-01-25,30367.0,89.39
2018-01-29,30074.0,89.31
2018-01-30,30052.0,89.16
2018-01-31,30064.0,89.13
2018-02-01,30512.0,88.67
2018-02-02,30399.0,89.19
2018-02-05,30286.0,89.55
2018-02-06,30182.0,89.58
2018-02-07,29976.0,90.25
2018-02-08,30103.0,90.23
2018-02-09,29999.0,90.44
2018-02-12,30133.0,90.21
2018-02-13,30195.0,89.7
2018-02-14,30605.0,89.12
2018-02-15,30549.0,88.59
2018-02-16,30785.0,89.1
2018-02-19,30715.0,89.1
2018-02-20,30524.0,89.72
2018-02-21,30459.0,90.0
2018-02-22,30564.0,89.74
2018-02-23,30492.0,89.88
2018-02-26,30518.0,89.85
2018-02-27,30306.0,90.36
2018-02-28,30423.0,90.61
2018-03-01,30181.0,90.32
2018-03-02,30473.0,89.94
2018-03-05,30429.0,90.08
2018-03-06,30568.0,89.62
2018-03-07,30461.0,89.64
2018-03-08,30436.0,90.18
2018-03-09,30408.0,90.09
2018-03-12,30340.0,89.89
2018-03-13,30387.0,89.66
2018-03-14,30413.0,89.7
2018-03-15,30314.0,90.14
2018-03-16,30251.0,90.23
2018-03-19,30432.0,89.77
2018-03-20,30284.0,90.37
2018-03-21,30464.0,89.78
2018-03-22,30506.0,89.86
2018-03-23,30901.0,89.48
2018-03-26,30889.0,89.03
2018-03-27,30717.0,89.33
2018-03-28,30518.0,90.06
2018-03-29,30426.0,90.15
2018-04-02,30961.0,90.05
2018-04-03,30625.0,90.2
2018-04-04,30886.0,90.14
2018-04-05,30505.0,90.46
2018-04-06,30605.0,90.11
2018-04-09,30675.0,89.84
2018-04-10,30798.0,89.59
2018-04-11,31244.0,89.57
2018-04-12,30897.0,89.75
2018-04-13,31005.0,89.8
2018-04-16,31167.0,89.42
2018-04-17,31257.0,89.52
2018-04-18,31410.0,89.62
2018-04-19,31479.0,89.94
2018-04-20,31314.0,90.32
2018-04-23,31164.0,90.95
2018-04-24,31262.0,90.77
2018-04-25,31301.0,91.17
2018-04-26,31158.0,91.56
2018-04-27,31129.0,91.54
2018-04-30,30947.0,91.84
2018-05-01,30874.0,92.45
2018-05-02,30926.0,92.51
2018-05-03,31003.0,92.41
2018-05-04,31068.0,92.57
2018-05-07,31247.0,92.75
2018-05-08,31200.0,93.12
2018-05-09,31303.0,93.04
2018-05-10,31352.0,92.65
2018-05-11,31500.0,92.54
2018-05-14,31496.0,92.59
2018-05-15,31186.0,93.22
2018-05-16,31007.0,93.39
2018-05-17,30986.0,93.47
2018-05-18,31093.0,93.64
2018-05-21,31114.0,93.68
2018-05-22,31111.0,93.61
2018-05-23,31186.0,94.0
2018-05-24,31461.0,93.76
2018-05-25,31194.0,94.19
2018-05-28,30971.0,94.19
2018-05-29,31184.0,94.83
2018-05-30,31030.0,94.15
2018-05-31,30882.0,93.98
2018-06-01,30568.0,94.19
2018-06-04,30708.0,94.02
2018-06-05,30699.0,93.9
2018-06-06,30755.0,93.66
2018-06-07,31055.0,93.4
2018-06-08,31076.0,93.55
2018-06-11,31035.0,93.58
2018-06-12,30952.0,93.8
2018-06-13,30952.0,93.71
2018-06-14,31145.0,94.77
2018-06-15,30804.0,94.79
2018-06-18,30773.0,94.8
2018-06-19,30702.0,95.08
2018-06-20,30605.0,95.06
2018-06-21,30451.0,94.74
2018-06-22,30498.0,94.52
2018-06-25,30540.0,94.28
2018-06-26,30480.0,94.66
2018-06-27,30606.0,95.27
2018-06-28,30431.0,95.39
2018-06-29,30363.0,94.64
2018-07-02,30153.0,95.03
2018-07-03,30469.0,94.67
2018-07-04,30510.0,94.67
2018-07-05,30541.0,94.47
2018-07-06,30582.0,94.04
2018-07-09,30638.0,94.08
2018-07-10,30551.0,94.15
2018-07-11,30344.0,94.72
2018-07-12,30175.0,94.81
2018-07-13,30131.0,94.75
2018-07-16,30103.0,94.51
2018-07-17,29757.0,94.94
2018-07-18,29799.0,95.08
2018-07-19,29913.0,95.15
2018-07-20,29957.0,94.45
2018-07-23,29914.0,94.67
2018-07-24,29912.0,94.61
2018-07-25,29959.0,94.36
2018-07-26,29836.0,94.75
2018-07-27,29805.0,94.67
2018-07-30,29755.0,94.32
2018-07-31,29638.0,94.49
2018-08-01,29462.0,94.62
2018-08-02,29520.0,95.16
2018-08-03,29800.0,95.14
2018-08-06,29563.0,95.36
2018-08-07,29534.0,95.22
2018-08-08,29544.0,95.05
2018-08-09,29605.0,95.5
2018-08-10,29706.0,96.36
2018-08-13,29665.0,96.39
2018-08-14,29664.0,96.73
2018-08-16,29275.0,96.64
2018-08-17,29275.0,96.1
2018-08-20,29435.0,95.9
2018-08-21,29542.0,95.26
2018-08-22,29627.0,95.15
2018-08-23,29576.0,95.67
2018-08-24,29882.0,95.15
2018-08-27,29973.0,94.78
2018-08-28,29981.0,94.72
2018-08-29,30144.0,94.6
2018-08-30,30131.0,94.72
2018-08-31,30116.0,95.14
2018-09-03,30327.0,95.14
2018-09-04,30221.0,95.44
2018-09-05,30310.0,95.18
2018-09-06,30565.0,95.02
2018-09-07,30509.0,95.36
2018-09-10,30725.0,95.15
2018-09-11,30732.0,95.25
2018-09-12,30664.0,94.8
2018-09-13,30470.0,94.52
2018-09-14,30453.0,94.93
2018-09-17,30778.0,94.5
2018-09-18,30811.0,94.64
2018-09-19,30649.0,94.54
2018-09-20,30623.0,93.91
2018-09-21,30609.0,94.22
2018-09-24,30862.0,94.19
2018-09-25,30838.0,94.13
2018-09-26,30608.0,94.19
2018-09-27,30356.0,94.89
2018-09-28,30479.0,95.13
2018-10-01,30614.0,95.3
2018-10-03,31025.0,95.76
2018-10-04,31136.0,95.75
2018-10-05,31233.0,95.62
2018-10-08,31096.0,95.76
2018-10-09,31161.0,95.67
2018-10-10,31247.0,95.51
2018-10-11,31793.0,95.02
2018-10-12,31670.0,95.22
2018-10-15,31877.0,95.06
2018-10-16,31701.0,95.05
2018-10-17,31702.0,95.58
2018-10-18,31885.0,95.9
2018-10-19,31737.0,95.71
2018-10-22,31729.0,96.01
2018-10-23,31871.0,95.96
2018-10-24,31723.0,96.43
2018-10-25,31683.0,96.68
2018-10-26,31764.0,96.36
2018-10-29,31730.0,96.58
2018-10-30,31725.0,97.01
2018-10-31,31631.0,97.13
2018-11-01,31783.0,96.28
2018-11-02,31737.0,96.54
2018-11-05,31783.0,96.28
2018-11-06,31657.0,96.32
2018-11-07,31602.0,96.0
2018-11-08,31408.0,96.72
2018-11-09,31023.0,96.91
2018-11-12,31014.0,97.54
2018-11-13,30778.0,97.3
2018-11-14,30838.0,96.8
2018-11-15,30831.0,96.93
2018-11-16,31017.0,96.47
2018-11-19,30888.0,96.19
2018-11-20,30830.0,96.84
2018-11-21,30839.0,96.71
2018-11-22,30613.0,96.71
2018-11-23,30513.0,96.92
2018-11-26,30574.0,97.07
2018-11-27,30423.0,97.37
2018-11-28,30457.0,96.79
2018-11-29,30253.0,96.78
2018-11-30,30186.0,97.27
2018-12-03,30787.0,97.04
2018-12-04,30964.0,96.97
2018-12-05,30926.0,97.07
2018-12-06,31005.0,96.81
2018-12-07,31440.0,96.51
2018-12-10,31895.0,97.22
2018-12-11,31812.0,97.39
2018-12-12,31626.0,97.04
2018-12-13,31414.0,97.06
2018-12-14,31437.0,97.44
2018-12-17,31501.0,97.1
2018-12-18,31075.0,97.1
2018-12-19,31139.0,97.03
2018-12-20,31219.0,96.28
2018-12-21,31126.0,96.96
2018-12-24,31375.0,96.55
2018-12-26,31463.0,97.05
2018-12-27,31611.0,96.48
2018-12-28,31506.0,96.4
2018-12-31,31489.0,96.17
2019-01-01,31560.0,96.17
2019-01-02,31934.0,96.82
2019-01-03,31939.0,96.31
2019-01-04,31679.0,96.18
2019-01-07,31652.0,95.67
2019-01-08,31736.0,95.9
2019-01-09,31993.0,95.22
2019-01-10,31878.0,95.54
2019-01-11,31924.0,95.67
2019-01-14,32130.0,95.61
2019-01-15,32169.0,96.04
2019-01-16,32272.0,96.06
2019-01-17,32253.0,96.06
2019-01-18,32089.0,96.34
2019-01-21,32039.0,96.34
2019-01-22,32154.0,96.3
2019-01-23,32135.0,96.12
2019-01-24,32016.0,96.6
2019-01-25,32339.0,95.79
2019-01-28,32536.0,95.75
2019-01-29,32891.0,95.82
2019-01-30,32903.0,95.34
2019-01-31,33100.0,95.58
2019-02-01,33405.0,95.58
2019-02-04,33455.0,95.85
2019-02-05,33381.0,96.07
2019-02-06,33222.0,96.39
2019-02-07,33056.0,96.51
2019-02-08,33125.0,96.64
2019-02-11,32931.0,97.06
2019-02-12,32747.0,96.71
2019-02-13,32909.0,97.13
2019-02-14,32970.0,96.98
2019-02-15,33263.0,96.9
2019-02-18,33463.0,96.9
2019-02-19,33753.0,96.52
2019-02-20,33719.0,96.45
2019-02-21,33302.0,96.61
2019-02-22,33369.0,96.51
2019-02-25,33159.0,96.41
2019-02-26,33228.0,96.0
2019-02-27,33171.0,96.15
2019-02-28,32902.0,96.16
2019-03-01,32533.0,96.53
2019-03-04,32505.0,96.68
2019-03-05,32015.0,96.87
2019-03-06,31954.0,96.87
2019-03-07,31946.0,97.67
2019-03-08,32174.0,97.31
2019-03-11,31915.0,97.22
2019-03-12,32015.0,96.94
2019-03-13,32225.0,96.55
2019-03-14,31832.0,96.78
2019-03-15,31853.0,96.59
2019-03-18,31685.0,96.52
2019-03-19,31985.0,96.38
2019-03-20,31740.0,95.76
2019-03-21,31842.0,96.5
2019-03-22,32155.0,96.65
2019-03-25,32223.0,96.57
2019-03-26,32113.0,96.74
2019-03-27,32019.0,96.77
2019-03-28,31624.0,97.2
2019-03-29,31703.0,97.28
2019-04-01,31570.0,97.23
2019-04-02,31535.0,97.36
2019-04-03,31450.0,97.09
2019-04-04,31503.0,97.31
2019-04-05,31566.0,97.39
2019-04-08,32076.0,97.05
2019-04-09,32098.0,97.01
2019-04-10,32174.0,96.95
2019-04-11,31663.0,97.18
2019-04-12,31760.0,96.97
2019-04-15,31760.0,96.94
2019-04-16,31474.0,97.04
2019-04-17,31410.0,97.01
2019-04-18,31403.0,97.47
2019-04-22,31531.0,97.29
2019-04-23,31525.0,97.64
2019-04-24,31759.0,98.17
2019-04-25,31843.0,98.2
2019-04-26,31868.0,98.01
2019-04-30,31625.0,97.48
2019-05-01,31563.0,97.69
2019-05-02,31203.0,97.83
2019-05-03,31341.0,97.52
2019-05-06,31578.0,97.52
2019-05-07,31739.0,97.63
2019-05-08,31697.0,97.62
2019-05-09,31926.0,97.37
2019-05-10,31917.0,97.33
2019-05-13,32499.0,97.32
2019-05-14,32248.0,97.53
2019-05-15,32261.0,97.57
2019-05-16,31985.0,97.86
2019-05-17,31809.0,98.0
2019-05-20,31566.0,97.93
2019-05-21,31442.0,98.06
2019-05-22,31452.0,98.04
2019-05-23,31696.0,97.86
2019-05-24,31554.0,97.61
2019-05-27,31630.0,97.61
2019-05-28,31569.0,97.95
2019-05-29,31760.0,98.14
2019-05-30,31831.0,98.14
2019-05-31,32131.0,97.75
2019-06-03,32405.0,97.14
2019-06-04,32465.0,97.07
2019-06-05,32607.0,97.32
2019-06-06,32734.0,97.04
2019-06-07,32867.0,96.54
2019-06-10,32611.0,96.76
2019-06-11,32576.0,96.69
2019-06-12,32685.0,97.0
2019-06-13,32884.0,97.01
2019-06-14,32984.0,97.57
2019-06-17,32961.0,97.56
2019-06-18,32939.0,97.64
2019-06-19,32976.0,97.12
2019-06-20,33838.0,96.63
2019-06-21,33960.0,96.22
2019-06-24,34214.0,95.98
2019-06-25,34300.0,96.14
2019-06-26,34135.0,96.21
2019-06-27,33931.0,96.19
2019-06-28,33947.0,96.13
2019-07-01,33348.0,96.84
2019-07-02,33779.0,96.73
2019-07-03,34077.0,96.77
2019-07-04,34023.0,96.77
2019-07-05,34370.0,97.29
2019-07-08,34535.0,97.38
2019-07-09,34533.0,97.49
2019-07-10,34765.0,97.1
2019-07-11,34612.0,97.05
2019-07-12,34812.0,96.81
2019-07-15,34792.0,96.93
2019-07-16,34738.0,97.39
2019-07-17,35039.0,97.22
2019-07-18,35117.0,96.79
2019-07-19,35033.0,97.15
2019-07-22,35143.0,97.26
2019-07-23,35030.0,97.7
2019-07-24,35036.0,97.73
2019-07-25,34850.0,97.82
2019-07-26,34815.0,98.01
2019-07-29,34788.0,98.04
2019-07-30,34737.0,98.05
2019-07-31,34714.0,98.52
2019-08-01,35134.0,98.37
2019-08-02,35705.0,98.07
2019-08-05,36711.0,97.52
2019-08-06,37182.0,97.63
2019-08-07,37899.0,97.54
2019-08-08,37311.0,97.62
2019-08-09,37558.0,97.49
2019-08-12,37812.0,97.38
2019-08-13,37268.0,97.81
2019-08-14,37688.0,97.99
2019-08-16,37487.0,98.14
2019-08-19,37484.0,98.35
2019-08-20,37640.0,98.19
2019-08-21,37598.0,98.3
2019-08-22,37779.0,98.17
2019-08-23,38357.0,97.64
2019-08-26,38415.0,98.08
2019-08-27,38644.0,98.0
2019-08-28,38772.0,98.21
2019-08-29,38426.0,98.51
2019-08-30,38300.0,98.92
2019-09-02,38708.0,98.92
2019-09-03,39314.0,99.0
2019-09-04,39337.0,98.45
2019-09-05,38504.0,98.41
2019-09-06,38551.0,98.39
2019-09-09,38459.0,98.28
2019-09-10,38248.0,98.33
2019-09-11,37965.0,98.64
2019-09-12,37747.0,98.31
2019-09-13,37517.0,98.26
2019-09-16,38161.0,98.61
2019-09-17,37995.0,98.26
2019-09-18,37837.0,98.56
2019-09-19,37672.0,98.27
2019-09-20,37669.0,98.51
2019-09-23,37905.0,98.6
2019-09-24,38091.0,98.34
2019-09-25,37571.0,99.04
2019-09-26,37773.0,99.13
2019-09-27,37706.0,99.11
2019-09-30,36873.0,99.38
2019-10-01,37377.0,99.13
2019-10-03,38012.0,98.86
2019-10-04,38002.0,98.81
2019-10-07,37978.0,98.97
2019-10-08,38242.0,99.13
2019-10-09,38384.0,99.12
2019-10-10,38120.0,98.7
2019-10-11,37839.0,98.3
2019-10-14,38250.0,98.45
2019-10-15,38067.0,98.29
2019-10-16,38248.0,98.0
2019-10-17,38216.0,97.61
2019-10-18,38121.0,97.28
2019-10-21,37969.0,97.33
2019-10-22,38025.0,97.53
2019-10-23,38124.0,97.49
2019-10-24,38452.0,97.63
2019-10-25,38362.0,97.83
2019-10-28,38103.0,97.76
2019-10-29,38110.0,97.69
2019-10-30,38369.0,97.65
2019-10-31,38842.0,97.35
2019-11-01,38652.0,97.24
2019-11-04,38734.0,97.5
2019-11-05,38458.0,97.98
2019-11-06,38239.0,97.95
2019-11-07,37595.0,98.14
2019-11-08,37705.0,98.35
2019-11-11,37688.0,98.2
2019-11-12,37740.0,98.31
2019-11-13,38107.0,98.37
2019-11-14,38269.0,98.16
2019-11-15,38002.0,98.0
2019-11-18,38228.0,97.79
2019-11-19,38206.0,97.86
2019-11-20,38155.0,97.93
2019-11-21,37971.0,97.99
2019-11-22,37927.0,98.27
2019-11-25,37782.0,98.32
2019-11-26,37775.0,98.25
2019-11-27,37578.0,98.37
2019-11-28,37780.0,98.37
2019-11-29,37961.0,98.27
2019-12-02,37915.0,97.86
2019-12-03,38267.0,97.74
2019-12-04,38188.0,97.65
2019-12-05,38095.0,97.41
2019-12-06,37748.0,97.7
2019-12-09,37638.0,97.64
2019-12-10,37604.0,97.41
2019-12-11,37693.0,97.08
2019-12-12,37559.0,97.4
2019-12-13,37776.0,97.17
2019-12-16,37873.0,97.02
2019-12-17,37961.0,97.22
2019-12-18,37932.0,97.4
2019-12-19,38110.0,97.38
2019-12-20,38002.0,97.69
2019-12-23,38231.0,97.66
2019-12-24,38624.0,97.65
2019-12-26,38767.0,97.53
2019-12-27,38978.0,96.92
2019-12-30,38823.0,96.74
2019-12-31,38999.0,96.39
2020-01-01,38938.0,96.39
2020-01-02,39220.0,96.85
2020-01-03,39925.0,96.84
2020-01-06,40448.0,96.67
2020-01-07,40635.0,97.0
2020-01-08,40078.0,97.3
2020-01-09,39806.0,97.45
2020-01-10,39849.0,97.36
2020-01-13,39541.0,97.34
2020-01-14,39443.0,97.37
2020-01-15,39598.0,97.23
2020-01-16,39676.0,97.32
2020-01-17,39920.0,97.64
2020-01-20,39927.0,97.61
2020-01-21,39892.0,97.53
2020-01-22,39893.0,97.53
2020-01-23,40255.0,97.69
2020-01-24,40322.0,97.85
2020-01-27,40557.0,97.96
2020-01-28,40200.0,98.02
2020-01-29,40321.0,97.99
2020-01-30,40897.0,97.87
2020-01-31,41012.0,97.39
2020-02-03,40633.0,97.8
2020-02-04,40056.0,97.96
2020-02-05,40213.0,98.3
2020-02-06,40287.0,98.5
2020-02-07,40563.0,98.68
2020-02-10,40607.0,98.83
2020-02-11,40353.0,98.72
2020-02-12,40427.0,99.05
2020-02-13,40580.0,99.07
2020-02-14,40879.0,99.12
2020-02-17,40686.0,99.0
2020-02-18,41311.0,99.44
2020-02-19,41463.0,99.71
2020-02-20,41886.0,99.86
2020-02-21,42511.0,99.26
2020-02-24,43456.0,99.36
2020-02-25,42675.0,98.97
2020-02-26,42349.0,99.0
2020-02-27,42193.0,98.51
2020-02-28,41763.0,98.13
2020-03-02,42017.0,97.36
2020-03-03,43100.0,97.15
2020-03-04,43235.0,97.34
2020-03-05,43874.0,96.82
2020-03-06,44098.0,95.95
2020-03-09,44308.0,94.89
2020-03-10,43694.0,96.41
2020-03-11,43334.0,96.51
2020-03-12,42217.0,97.47
2020-03-13,40382.0,98.75
2020-03-16,39548.0,98.07
2020-03-17,40279.0,99.57
2020-03-18,39764.0,101.16
2020-03-19,39889.0,102.75
2020-03-20,40419.0,102.82
2020-03-23,41317.0,102.49
2020-03-24,41873.0,102.04
2020-03-25,42713.0,101.05
2020-03-26,43631.0,99.35
2020-03-27,43590.0,98.36
2020-03-30,43883.0,99.18
2020-03-31,43225.0,99.05
2020-04-01,43578.0,99.67
2020-04-03,44298.0,100.58
2020-04-07,45043.0,99.9
2020-04-08,44944.0,100.12
2020-04-09,45279.0,99.52
2020-04-13,46270.0,99.35
2020-04-15,46696.0,99.46
2020-04-16,47203.0,100.03
2020-04-17,45855.0,99.78
2020-04-20,45724.0,99.96
2020-04-21,45383.0,100.26
2020-04-22,46189.0,100.39
2020-04-23,46475.0,100.43
2020-04-24,46550.0,100.38
2020-04-27,46353.0,100.04
2020-04-28,46188.0,99.86
2020-04-29,45439.0,99.57
2020-04-30,44647.0,99.02
2020-05-01,45251.0,99.08
2020-05-04,45762.0,99.48
2020-05-05,45539.0,99.71
2020-05-06,45387.0,100.09
2020-05-07,46147.0,99.89
2020-05-08,45820.0,99.73
2020-05-11,45785.0,100.24
2020-05-12,45635.0,99.93
2020-05-13,45983.0,100.24
2020-05-14,46631.0,100.47
2020-05-15,47352.0,100.4
2020-05-18,46652.0,99.67
2020-05-19,47036.0,99.37
2020-05-20,47129.0,99.12
2020-05-21,46417.0,99.37
2020-05-22,47057.0,99.86
2020-05-25,46953.0,99.86
2020-05-26,46393.0,98.91
2020-05-27,46647.0,99.06
2020-05-28,46474.0,98.38
2020-05-29,46858.0,98.34
2020-06-01,47018.0,97.83
2020-06-02,46796.0,97.67
2020-06-03,46203.0,97.28
2020-06-04,46781.0,96.68
2020-06-05,46346.0,96.94
2020-06-08,46110.0,96.62
2020-06-09,46595.0,96.32
2020-06-10,46629.0,95.96
2020-06-11,47405.0,96.73
2020-06-12,47325.0,97.32
2020-06-15,46999.0,96.71
2020-06-16,47534.0,96.96
2020-06-17,47320.0,97.16
2020-06-18,47328.0,97.42
2020-06-19,47907.0,97.62
2020-06-22,47912.0,97.04
2020-06-23,48186.0,96.65
2020-06-24,48105.0,97.15
2020-06-25,47952.0,97.43
2020-06-26,48363.0,97.43
2020-06-29,48194.0,97.54
2020-06-30,48861.0,97.39
2020-07-01,48400.0,97.2
2020-07-02,48437.0,97.32
2020-07-03,48336.0,97.17
2020-07-06,48247.0,96.72
2020-07-07,48796.0,96.88
2020-07-08,49160.0,96.43
2020-07-09,48896.0,96.7
2020-07-10,48883.0,96.65
2020-07-13,49180.0,96.46
2020-07-14,49277.0,96.26
2020-07-15,49182.0,96.08
2020-07-16,48811.0,96.35
2020-07-17,49001.0,95.94
2020-07-20,49067.0,95.83
2020-07-21,49559.0,95.12
2020-07-22,50115.0,94.99
2020-07-23,50762.0,94.69
2020-07-24,51120.0,94.43
2020-07-27,52227.0,93.67
2020-07-28,52731.0,93.7
2020-07-29,53207.0,93.45
2020-07-30,52986.0,93.02
2020-07-31,53582.0,93.35
2020-08-03,53927.0,93.54
2020-08-04,54784.0,93.38
2020-08-05,55597.0,92.87
2020-08-06,56117.0,92.79
2020-08-07,55018.0,93.43
2020-08-10,55243.0,93.58
2020-08-11,52144.0,93.63
2020-08-12,52505.0,93.44
2020-08-13,53148.0,93.33
2020-08-14,52451.0,93.1
2020-08-17,53435.0,92.85
2020-08-18,53738.0,92.27
2020-08-19,52824.0,92.89
2020-08-20,52302.0,92.79
2020-08-21,52045.0,93.25
2020-08-24,51385.0,93.3
2020-08-25,50936.0,93.02
2020-08-26,51619.0,93.01
2020-08-27,50507.0,93.0
2020-08-28,51050.0,92.37
2020-08-31,51099.0,92.14
2020-09-01,51017.0,92.34
2020-09-02,50577.0,92.85
2020-09-03,50768.0,92.74
2020-09-04,50728.0,92.72
2020-09-07,51149.0,92.72
2020-09-08,51433.0,93.44
2020-09-09,51486.0,93.25
2020-09-10,51832.0,93.34
2020-09-11,51393.0,93.33
2020-09-14,51759.0,93.05
2020-09-15,51818.0,93.05
2020-09-16,51876.0,93.21
2020-09-17,51498.0,92.97
2020-09-18,51764.0,92.93
2020-09-21,50512.0,93.66
2020-09-22,50454.0,93.99
2020-09-23,49576.0,94.39
2020-09-24,49959.0,94.35
2020-09-25,49539.0,94.64
2020-09-28,49928.0,94.28
2020-09-29,50607.0,93.89
2020-09-30,50232.0,93.89
2020-10-01,50345.0,93.71
2020-10-05,50809.0,93.51
2020-10-06,50617.0,93.69
2020-10-07,50133.0,93.63
2020-10-08,50239.0,93.61
2020-10-09,50872.0,93.06
2020-10-12,51166.0,93.07
2020-10-13,50306.0,93.53
2020-10-14,50614.0,93.38
2020-10-15,50775.0,93.86
2020-10-16,50605.0,93.68
2020-10-19,50751.0,93.43
2020-10-20,50937.0,93.07
2020-10-21,51313.0,92.61
2020-10-22,50741.0,92.95
2020-10-23,50820.0,92.77
2020-10-26,50953.0,93.04
2020-10-27,50984.0,92.94
2020-10-28,50483.0,93.4
2020-10-29,50276.0,93.96
2020-10-30,50641.0,94.04
2020-11-02,51032.0,94.13
2020-11-03,51509.0,93.55
2020-11-04,50829.0,93.41
2020-11-05,51901.0,92.53
2020-11-06,52190.0,92.23
2020-11-09,49795.0,92.72
2020-11-10,50561.0,92.75
2020-11-11,50230.0,93.04
2020-11-12,50652.0,92.96
2020-11-13,50956.0,92.75
2020-11-16,50870.0,92.64
2020-11-17,50806.0,92.42
2020-11-18,50377.0,92.32
2020-11-19,50063.0,92.29
2020-11-20,50279.0,92.39
2020-11-23,49555.0,92.5
2020-11-24,48683.0,92.23
2020-11-25,48568.0,91.99
2020-11-26,48597.0,91.99
2020-11-27,48189.0,91.79
2020-11-30,47898.0,91.87
2020-12-01,48641.0,91.31
2020-12-02,48959.0,91.12
2020-12-03,49061.0,90.71
2020-12-04,49322.0,90.7
2020-12-07,49923.0,90.79
2020-12-08,50049.0,90.96
2020-12-09,49256.0,91.09
2020-12-10,49081.0,90.82
2020-12-11,49306.0,90.98
2020-12-14,48916.0,90.71
2020-12-15,49416.0,90.47
2020-12-16,49544.0,90.45
2020-12-17,50263.0,89.82
2020-12-18,50100.0,90.02
2020-12-21,50146.0,90.04
2020-12-22,49768.0,90.65
2020-12-23,49909.0,90.41
2020-12-24,49787.0,90.32
2020-12-28,49761.0,90.34
2020-12-29,49722.0,89.99
2020-12-30,49881.0,89.68
2020-12-31,50081.0,89.94
2021-01-01,50081.0,89.94
2021-01-04,51349.0,89.87
2021-01-05,51456.0,89.44
2021-01-06,50545.0,89.53
2021-01-07,50918.0,89.83
2021-01-08,49035.0,90.1
2021-01-11,49386.0,90.46
2021-01-12,49098.0,90.09
2021-01-13,49354.0,90.36
2021-01-14,49238.0,90.24
2021-01-15,48745.0,90.77
2021-01-18,48918.0,90.76
2021-01-19,49011.0,90.5
2021-01-20,49528.0,90.47
2021-01-21,49418.0,90.13
2021-01-22,49131.0,90.24
2021-01-25,49144.0,90.39
2021-01-27,48879.0,90.65
2021-01-28,48672.0,90.46
2021-01-29,49111.0,90.58
2021-02-01,48424.0,90.98
2021-02-02,47752.0,91.2
2021-02-03,47703.0,91.17
2021-02-04,46695.0,91.53
2021-02-05,46978.0,91.04
2021-02-08,47726.0,90.93
2021-02-09,47818.0,90.44
2021-02-10,47863.0,90.37
2021-02-11,47377.0,90.42
2021-02-12,47169.0,90.48
2021-02-15,47118.0,90.48
2021-02-16,46777.0,90.51
2021-02-17,46134.0,90.95
2021-02-18,46046.0,90.59
2021-02-19,46095.0,90.36
2021-02-22,46782.0,90.01
2021-02-23,46632.0,90.17
2021-02-24,46369.0,90.18
2021-02-25,46085.0,90.13
2021-02-26,45569.0,90.88
2021-03-01,45021.0,91.04
2021-03-02,45224.0,90.79
2021-03-03,44721.0,90.95
2021-03-04,44581.0,91.63
2021-03-05,44442.0,91.98
2021-03-08,44233.0,92.31
2021-03-09,44844.0,91.96
2021-03-10,44774.0,91.82
2021-03-11,44876.0,91.42
2021-03-12,44737.0,91.68
2021-03-15,44906.0,91.83
2021-03-16,44820.0,91.86
2021-03-17,44848.0,91.44
2021-03-18,44942.0,91.86
2021-03-19,45008.0,91.92
2021-03-22,44885.0,91.74
2021-03-23,44636.0,92.34
2021-03-24,44841.0,92.53
2021-03-25,44726.0,92.53
2021-03-26,44629.0,92.77
2021-03-29,43754.0,92.94
2021-03-30,43941.0,93.3
2021-03-31,44418.0,93.23
2021-04-01,44957.0,92.93
2021-04-05,44985.0,92.6
2021-04-06,45685.0,92.33
2021-04-07,46128.0,92.46
2021-04-08,46576.0,92.06
2021-04-09,46344.0,92.16
2021-04-12,46188.0,92.14
2021-04-13,46674.0,91.85
2021-04-14,46317.0,91.69
2021-04-15,46881.0,91.69
2021-04-16,47022.0,91.56
2021-04-19,47084.0,91.07
2021-04-20,47498.0,91.24
2021-04-21,47892.0,91.15
2021-04-22,47426.0,91.33
2021-04-23,47169.0,90.86
2021-04-26,47117.0,90.81
2021-04-27,46960.0,90.91
2021-04-28,46697.0,90.61
2021-04-29,46400.0,90.61
2021-04-30,46431.0,91.28
2021-05-03,46963.0,90.94
2021-05-04,46782.0,91.29
2021-05-05,46591.0,91.31
2021-05-06,47536.0,90.95
2021-05-07,47719.0,90.23
2021-05-10,47925.0,90.21
2021-05-11,47625.0,90.14
2021-05-12,47491.0,90.71
2021-05-13,47452.0,90.75
2021-05-14,47682.0,90.32
2021-05-17,48437.0,90.16
2021-05-18,48288.0,89.75
2021-05-19,48660.0,90.19
2021-05-20,48519.0,89.81
2021-05-21,48368.0,90.02
2021-05-24,48514.0,89.84
2021-05-25,48780.0,89.64
2021-05-26,48728.0,90.04
2021-05-27,48561.0,89.97
2021-05-28,48543.0,90.03
2021-05-31,48807.0,90.03
2021-06-01,48935.0,89.83
2021-06-02,49108.0,89.91
2021-06-03,48293.0,90.51
2021-06-04,48650.0,90.14
2021-06-07,48911.0,89.95
2021-06-08,48908.0,90.08
2021-06-09,48904.0,90.12
2021-06-10,48975.0,90.07
2021-06-11,48717.0,90.56
2021-06-14,48318.0,90.52
2021-06-15,48230.0,90.54
2021-06-16,48279.0,91.13
2021-06-17,46781.0,91.89
2021-06-18,46592.0,92.22
2021-06-21,46904.0,91.9
2021-06-22,46838.0,91.76
2021-06-23,46921.0,91.8
2021-06-24,46701.0,91.81
2021-06-25,46757.0,91.85
2021-06-28,46821.0,91.89
2021-06-29,46438.0,92.05
2021-06-30,46817.0,92.44
2021-07-01,46985.0,92.6
2021-07-02,47286.0,92.23
2021-07-05,47567.0,92.21
2021-07-06,47694.0,92.55
2021-07-07,47887.0,92.64
2021-07-08,47735.0,92.42
2021-07-09,47898.0,92.13
2021-07-12,47768.0,92.26
2021-07-13,47887.0,92.75
2021-07-14,48265.0,92.41
2021-07-15,48358.0,92.62
2021-07-16,48040.0,92.69
2021-07-19,48069.0,92.89
2021-07-20,47861.0,92.97
2021-07-21,47584.0,92.75
2021-07-22,47624.0,92.82
2021-07-23,47521.0,92.91
2021-07-26,47455.0,92.65
2021-07-27,47551.0,92.43
2021-07-28,47535.0,92.32
2021-07-29,48210.0,91.86
2021-07-30,47901.0,92.17
2021-08-02,47937.0,92.05
2021-08-03,47854.0,92.08
2021-08-04,47872.0,92.27
2021-08-05,47959.0,92.24
2021-08-06,46682.0,92.8
2021-08-09,45949.0,92.94
2021-08-10,45936.0,93.06
2021-08-11,46351.0,92.92
2021-08-12,46335.0,93.04
2021-08-13,46886.0,92.52
2021-08-16,47138.0,92.63
2021-08-17,47206.0,93.13
2021-08-18,47069.0,93.14
2021-08-19,47119.0,93.57
2021-08-20,47110.0,93.5
2021-08-23,47511.0,92.96
2021-08-24,47532.0,92.89
2021-08-25,47108.0,92.82
2021-08-26,47163.0,93.06
2021-08-27,47416.0,92.69
2021-08-30,47049.0,92.65
2021-08-31,47060.0,92.63
2021-09-01,47093.0,92.45
2021-09-02,47048.0,92.22
2021-09-03,47342.0,92.04
2021-09-06,47450.0,92.04
2021-09-07,46989.0,92.51
2021-09-08,47072.0,92.65
2021-09-09,47021.0,92.48
2021-09-10,46858.0,92.58
2021-09-13,46946.0,92.68
2021-09-14,47267.0,92.62
2021-09-15,46949.0,92.55
2021-09-16,46120.0,92.93
2021-09-17,46025.0,93.19
2021-09-20,46297.0,93.28
2021-09-21,46641.0,93.2
2021-09-22,46682.0,93.46
2021-09-23,46083.0,93.03
2021-09-24,45995.0,93.33
2021-09-27,46064.0,93.38
2021-09-28,45819.0,93.77
2021-09-29,45550.0,94.34
2021-09-30,46221.0,94.23
2021-10-01,46315.0,94.04
2021-10-04,46618.0,93.78
2021-10-05,46459.0,93.97
2021-10-06,46781.0,94.27
2021-10-07,46737.0,94.22
2021-10-08,46922.0,94.07
2021-10-11,46941.0,94.32
2021-10-12,47097.0,94.52
2021-10-13,47753.0,94.08
2021-10-14,47748.0,93.96
2021-10-15,47106.0,93.94
2021-10-18,47186.0,93.95
2021-10-19,47196.0,93.73
2021-10-20,47380.0,93.56
2021-10-21,47314.0,93.77
2021-10-22,47668.0,93.64
2021-10-25,48030.0,93.81
2021-10-26,47680.0,93.95
2021-10-27,47804.0,93.8
2021-10-28,47777.0,93.35
2021-10-29,47502.0,94.12
2021-11-01,47692.0,93.88
2021-11-02,47683.0,94.09
2021-11-03,46961.0,93.86
2021-11-04,47559.0,94.35
2021-11-05,47959.0,94.32
2021-11-08,48025.0,94.05
2021-11-09,48263.0,93.96
2021-11-10,48857.0,94.85
2021-11-11,49208.0,95.18
2021-11-12,49277.0,95.13
2021-11-15,49269.0,95.41
2021-11-16,49038.0,95.92
2021-11-17,49262.0,95.83
2021-11-18,49047.0,95.54
2021-11-19,48829.0,96.03
2021-11-22,47963.0,96.55
2021-11-23,47460.0,96.49
2021-11-24,47469.0,96.88
2021-11-25,47444.0,96.77
2021-11-26,47610.0,96.09
2021-11-29,47613.0,96.34
2021-11-30,47439.0,95.99
2021-12-01,47525.0,96.03
2021-12-02,47307.0,96.16
2021-12-03,47425.0,96.12
2021-12-06,47787.0,96.33
2021-12-07,47922.0,96.37
2021-12-08,47900.0,95.89
2021-12-09,47802.0,96.27
2021-12-10,47993.0,96.1
2021-12-13,48106.0,96.32
2021-12-14,47895.0,96.57
2021-12-15,47900.0,96.51
2021-12-16,48407.0,96.04
2021-12-17,48467.0,96.57
2021-12-20,48130.0,96.55
2021-12-21,47933.0,96.49
2021-12-22,48026.0,96.08
2021-12-23,48012.0,96.02
2021-12-27,47933.0,96.09
2021-12-28,47888.0,96.2
2021-12-29,47673.0,95.93
2021-12-30,47746.0,95.97
2021-12-31,47994.0,95.97
2022-01-03,47473.0,96.21
2022-01-04,47763.0,96.26
2022-01-05,47974.0,96.17
2022-01-06,47499.0,96.32
2022-01-07,47481.0,95.72
2022-01-10,47471.0,95.99
2022-01-11,47694.0,95.62
2022-01-12,47802.0,94.92
2022-01-13,47759.0,94.79
2022-01-14,47803.0,95.17
2022-01-17,47908.0,95.26
2022-01-18,47926.0,95.73
2022-01-19,48368.0,95.51
2022-01-20,48372.0,95.74
2022-01-21,48243.0,95.64
2022-01-24,48537.0,95.92
2022-01-25,48836.0,95.95
2022-01-27,47974.0,97.25
2022-01-28,47652.0,97.27
2022-01-31,47840.0,96.54
2022-02-01,47966.0,96.39
2022-02-02,48049.0,95.94
2022-02-03,47884.0,95.38
2022-02-04,48081.0,95.49
2022-02-07,48168.0,95.4
2022-02-08,48345.0,95.64
2022-02-09,48575.0,95.49
2022-02-10,48867.0,95.55
2022-02-11,49024.0,96.08
2022-02-14,49827.0,96.37
2022-02-15,49332.0,95.99
2022-02-16,49546.0,95.7
2022-02-17,50277.0,95.8
2022-02-18,50034.0,96.04
2022-02-21,49998.0,96.08
2022-02-22,50186.0,96.03
2022-02-23,50226.0,96.19
2022-02-24,51403.0,97.14
2022-02-25,50039.0,96.61
2022-02-28,50530.0,96.71
2022-03-01,51565.0,97.41
2022-03-02,51133.0,97.39
2022-03-03,51569.0,97.79
2022-03-04,52274.0,98.65
2022-03-07,53461.0,99.29
2022-03-08,54146.0,99.06
2022-03-09,52724.0,97.97
2022-03-10,53183.0,98.51
2022-03-11,52828.0,99.12
2022-03-14,52238.0,99.0
2022-03-15,51522.0,99.1
2022-03-16,51105.0,98.62
2022-03-17,51597.0,97.97
2022-03-18,51383.0,98.23
2022-03-21,51546.0,98.5
2022-03-22,51219.0,98.49
2022-03-23,51580.0,98.62
2022-03-24,51841.0,98.79
2022-03-25,51687.0,98.79
2022-03-28,51442.0,99.09
2022-03-29,50730.0,98.4
2022-03-30,51042.0,97.79
2022-03-31,51633.0,98.31
2022-04-01,51264.0,98.63
2022-04-04,51229.0,99.0
2022-04-05,51619.0,99.47
2022-04-06,51433.0,99.6
2022-04-07,51681.0,99.75
2022-04-08,51854.0,99.8
2022-04-11,51985.0,99.93
2022-04-12,52656.0,100.29
2022-04-13,52871.0,99.88
2022-04-14,52793.0,100.32
2022-04-18,53104.0,100.78
2022-04-19,52603.0,100.96
2022-04-20,52499.0,100.39
2022-04-21,52356.0,100.58
2022-04-22,52250.0,101.22
2022-04-25,51462.0,101.75
2022-04-26,51655.0,102.3
2022-04-27,51357.0,102.95
2022-04-28,51391.0,103.62
2022-04-29,51809.0,102.96
2022-05-02,50831.0,103.74
2022-05-03,51022.0,103.46
2022-05-04,50836.0,102.59
2022-05-05,51653.0,103.75
2022-05-06,51381.0,103.66
2022-05-09,51026.0,103.65
2022-05-10,50662.0,103.92
2022-05-11,50862.0,103.85
2022-05-12,50249.0,104.85
2022-05-13,49944.0,104.56
2022-05-16,50291.0,104.19
2022-05-17,50237.0,103.36
2022-05-18,50235.0,103.81
2022-05-19,50579.0,102.72
2022-05-20,50842.0,103.15
2022-05-23,50934.0,102.08
2022-05-24,51146.0,101.86
2022-05-25,50815.0,102.06
2022-05-26,50858.0,101.83
2022-05-27,50961.0,101.67
2022-05-30,50908.0,101.67
2022-05-31,50924.0,101.75
2022-06-01,50504.0,102.5
2022-06-02,51078.0,101.82
2022-06-03,51287.0,102.14
2022-06-06,50871.0,102.44
2022-06-07,50929.0,102.32
2022-06-08,51036.0,102.54
2022-06-09,50971.0,103.22
2022-06-10,51645.0,104.15
2022-06-13,50682.0,105.08
2022-06-14,50251.0,105.52
2022-06-15,50433.0,105.16
2022-06-16,50945.0,103.63
2022-06-17,50824.0,104.7
2022-06-20,50748.0,104.7
2022-06-21,50775.0,104.43
2022-06-22,50898.0,104.2
2022-06-23,50608.0,104.43
2022-06-24,50614.0,104.18
2022-06-27,50681.0,103.94
2022-06-28,50824.0,104.51
2022-06-29,50836.0,105.11
2022-06-30,50719.0,104.68
2022-07-01,52227.0,105.14
2022-07-04,51808.0,105.14
2022-07-05,52238.0,106.54
2022-07-06,50581.0,107.1
2022-07-07,50691.0,107.13
2022-07-08,50832.0,107.01
2022-07-11,50709.0,108.02
2022-07-12,50532.0,108.07
2022-07-13,50849.0,107.96
2022-07-14,50323.0,108.54
2022-07-15,50212.0,108.06
2022-07-18,50457.0,107.37
2022-07-19,50395.0,106.68
2022-07-20,50309.0,107.08
2022-07-21,50427.0,106.91
2022-07-22,50720.0,106.73
2022-07-25,50567.0,106.48
2022-07-26,50612.0,107.19
2022-07-27,50722.0,106.45
2022-07-28,51274.0,106.35
2022-07-29,51365.0,105.9
2022-08-01,51260.0,105.45
2022-08-02,51274.0,106.24
2022-08-03,51216.0,106.51
2022-08-04,51802.0,105.69
2022-08-05,51641.0,106.62
2022-08-08,52183.0,106.43
2022-08-09,52383.0,106.37
2022-08-10,52184.0,105.2
2022-08-11,52246.0,105.09
2022-08-12,52456.0,105.63
2022-08-16,51821.0,106.5
2022-08-17,51563.0,106.57
2022-08-18,51642.0,107.48
2022-08-19,51517.0,108.17
2022-08-22,51217.0,109.05
2022-08-23,51458.0,108.62
2022-08-24,51480.0,108.68
2022-08-25,51628.0,108.47
2022-08-26,51242.0,108.8
2022-08-29,51181.0,108.83
2022-08-30,50701.0,108.77
2022-08-31,50520.0,108.7
2022-09-01,50169.0,109.69
2022-09-02,50313.0,109.53
2022-09-05,50604.0,109.83
2022-09-06,50354.0,110.21
2022-09-07,50570.0,109.84
2022-09-08,50429.0,109.71
2022-09-09,50592.0,109.0
2022-09-12,50696.0,108.33
2022-09-13,50233.0,109.82
2022-09-14,50101.0,109.66
2022-09-15,49394.0,109.74
2022-09-16,49451.0,109.76
2022-09-19,49361.0,109.74
2022-09-20,49218.0,110.21
2022-09-21,49428.0,110.64
2022-09-22,49955.0,111.35
2022-09-23,49382.0,113.19
2022-09-26,49110.0,114.1
2022-09-27,49160.0,114.11
2022-09-28,49726.0,112.6
2022-09-29,49902.0,112.25
2022-09-30,50029.0,112.12
2022-10-03,50245.0,111.75
2022-10-04,51127.0,110.07
2022-10-05,51361.0,111.07
2022-10-06,51711.0,112.26
2022-10-07,51716.0,112.79
2022-10-10,50871.0,113.14
2022-10-11,50874.0,113.22
2022-10-12,50713.0,113.32
2022-10-13,50615.0,112.36
2022-10-14,50067.0,113.31
2022-10-17,50231.0,112.04
2022-10-18,50192.0,112.13
2022-10-19,49981.0,112.98
2022-10-20,49938.0,112.88
2022-10-21,50361.0,112.01
2022-10-24,50319.0,111.99
2022-10-25,50353.0,110.95
2022-10-26,50411.0,109.7
2022-10-27,50450.0,110.59
2022-10-28,49956.0,110.75
2022-10-31,50070.0,111.53
2022-11-01,50250.0,111.48
2022-11-02,50414.0,111.35
2022-11-03,49876.0,112.93
2022-11-04,50615.0,110.88
2022-11-07,50901.0,110.12
2022-11-08,51581.0,109.64
2022-11-09,51474.0,110.55
2022-11-10,52033.0,108.21
2022-11-11,52275.0,106.29
2022-11-14,52601.0,106.66
2022-11-15,52545.0,106.4
2022-11-16,52883.0,106.28
2022-11-17,52698.0,106.69
2022-11-18,52501.0,106.93
2022-11-21,52201.0,107.83
2022-11-22,52161.0,107.22
2022-11-23,52259.0,106.08
2022-11-24,52494.0,105.82
2022-11-25,52386.0,105.96
2022-11-28,52148.0,106.68
2022-11-29,52357.0,106.82
2022-11-30,52434.0,105.95
2022-12-01,53339.0,104.73
2022-12-02,53346.0,104.54
2022-12-05,53300.0,105.29
2022-12-06,53446.0,105.58
2022-12-07,53665.0,105.1
2022-12-08,53741.0,104.77
2022-12-09,53950.0,104.81
2022-12-12,53791.0,105.13
2022-12-13,54376.0,103.98
2022-12-14,54340.0,103.77
2022-12-15,53795.0,104.56
2022-12-16,53957.0,104.7
2022-12-19,53945.0,104.72
2022-12-20,54541.0,103.96
2022-12-21,54684.0,104.16
2022-12-22,54066.0,104.43
2022-12-23,54104.0,104.31
2022-12-27,54546.0,104.18
2022-12-28,54324.0,104.46
2022-12-29,54642.0,103.84
2022-12-30,54779.0,103.52
2023-01-03,55380.0,104.52
2023-01-04,55688.0,104.25
2023-01-05,55071.0,105.04
2023-01-06,55628.0,103.88
2023-01-09,55792.0,103.0
2023-01-10,55642.0,103.24
2023-01-11,55641.0,103.19
2023-01-12,55801.0,102.25
2023-01-13,56224.0,102.2
2023-01-16,56414.0,102.27
2023-01-17,56306.0,102.39
2023-01-18,56220.0,102.36
2023-01-19,56443.0,102.06
2023-01-20,56569.0,102.01
2023-01-23,56705.0,102.14
2023-01-24,56881.0,101.92
2023-01-25,56865.0,101.64
2023-01-27,56789.0,101.93
2023-01-30,56754.0,102.28
2023-01-31,56864.0,102.1
2023-02-01,57599.0,101.22
2023-02-02,57710.0,101.75
2023-02-03,57424.0,102.92
2023-02-06,56926.0,103.62
2023-02-07,57175.0,103.43
2023-02-08,57128.0,103.41
2023-02-09,56797.0,103.22
2023-02-10,56711.0,103.63
2023-02-13,56486.0,103.35
2023-02-14,56679.0,103.23
2023-02-15,56151.0,103.92
2023-02-16,56229.0,103.86
2023-02-17,56232.0,103.86
2023-02-20,56202.0,103.86
2023-02-21,56157.0,104.18
2023-02-22,56060.0,104.58
2023-02-23,55630.0,104.6
2023-02-24,55535.0,105.21
2023-02-27,55447.0,104.67
2023-02-28,55714.0,104.87
2023-03-01,56047.0,104.48
2023-03-02,55915.0,105.03
2023-03-03,55879.0,104.52
2023-03-06,55752.0,104.35
2023-03-07,55077.0,105.61
2023-03-08,54955.0,105.66
2023-03-09,55272.0,105.31
2023-03-10,56101.0,104.58
2023-03-13,57539.0,103.6
2023-03-14,57417.0,103.6
2023-03-15,58263.0,104.65
2023-03-16,57942.0,104.42
2023-03-17,59231.0,103.71
2023-03-20,59424.0,103.28
2023-03-21,58520.0,103.26
2023-03-22,58684.0,102.35
2023-03-23,59436.0,102.53
2023-03-24,59226.0,103.12
2023-03-27,58496.0,102.86
2023-03-28,58986.0,102.43
2023-03-29,58997.0,102.64
2023-03-30,59389.0,102.14
2023-03-31,59314.0,102.51
2023-04-03,59600.0,102.09
2023-04-04,60435.0,101.59
2023-04-05,60366.0,101.85
2023-04-06,60276.0,101.82
2023-04-10,59867.0,102.58
2023-04-11,60281.0,102.2
2023-04-12,60404.0,101.5
2023-04-13,60987.0,101.01
2023-04-14,60145.0,101.55
2023-04-17,60051.0,102.1
2023-04-18,60331.0,101.75
2023-04-19,60172.0,101.97
2023-04-20,60389.0,101.84
2023-04-21,59810.0,101.82
2023-04-24,59928.0,101.35
2023-04-25,60123.0,101.86
2023-04-26,59849.0,101.47
2023-04-27,59913.0,101.5
2023-04-28,60057.0,101.66
2023-05-01,59979.0,102.15
2023-05-02,60787.0,101.96
2023-05-03,61073.0,101.34
2023-05-04,61683.0,101.4
2023-05-05,60799.0,101.21
2023-05-08,60916.0,101.38
2023-05-09,61359.0,101.61
2023-05-10,61207.0,101.48
2023-05-11,60886.0,102.06
2023-05-12,60843.0,102.68
2023-05-15,60987.0,102.43
2023-05-16,60280.0,102.56
2023-05-17,60189.0,102.88
2023-05-18,59758.0,103.58
2023-05-19,60389.0,103.2
2023-05-22,60271.0,103.2
2023-05-23,60220.0,103.49
2023-05-24,59918.0,103.89
2023-05-25,59493.0,104.25
2023-05-26,59430.0,104.21
2023-05-29,59358.0,104.26
2023-05-30,59845.0,104.17
2023-05-31,60252.0,104.33
2023-06-01,60033.0,103.56
2023-06-02,59656.0,104.01
2023-06-05,59805.0,104.0
2023-06-06,59902.0,104.13
2023-06-07,59511.0,104.1
2023-06-08,59809.0,103.34
2023-06-09,59777.0,103.56
2023-06-12,59595.0,103.65
2023-06-13,59222.0,103.34
2023-06-14,59249.0,102.95
2023-06-15,59249.0,102.11
2023-06-16,59249.0,102.24
2023-06-19,59043.0,102.52
2023-06-20,58721.0,102.54
2023-06-21,58630.0,102.07
2023-06-22,58144.0,102.39
2023-06-23,58188.0,102.9
2023-06-26,58256.0,102.69
2023-06-27,58015.0,102.49
2023-06-28,57796.0,102.9
2023-06-29,57578.0,103.34
2023-06-30,58020.0,102.91
2023-07-03,58119.0,102.96
2023-07-04,58194.0,103.04
2023-07-05,58308.0,103.37
2023-07-06,58385.0,103.07
2023-07-07,58747.0,102.27
2023-07-10,58635.0,101.97
2023-07-11,58737.0,101.73
2023-07-12,59113.0,100.52
2023-07-13,59185.0,99.77
2023-07-14,59229.0,99.91
2023-07-17,59061.0,99.84
2023-07-18,59633.0,99.94
2023-07-19,59683.0,100.28
2023-07-20,59459.0,100.88
2023-07-21,59221.0,101.07
2023-07-24,59013.0,101.35
2023-07-25,59120.0,101.35
2023-07-26,59347.0,100.89
2023-07-27,58878.0,101.77
2023-07-28,59288.0,101.62
2023-07-31,59628.0,101.86
2023-08-01,59048.0,102.3
2023-08-02,59117.0,102.59
2023-08-03,59078.0,102.54
2023-08-04,59124.0,102.02
2023-08-07,59201.0,102.05
2023-08-08,58997.0,102.53
2023-08-09,58719.0,102.49
2023-08-10,58605.0,102.52
2023-08-11,58629.0,102.84
2023-08-14,58663.0,103.19
2023-08-16,58413.0,103.43
2023-08-17,58027.0,103.57
2023-08-18,58098.0,103.38
2023-08-21,58164.0,103.3
2023-08-22,58221.0,103.56
2023-08-23,58430.0,103.42
2023-08-24,58436.0,103.98
2023-08-25,58273.0,104.08
2023-08-28,58497.0,104.06
2023-08-29,58843.0,103.53
2023-08-30,59117.0,103.16
2023-08-31,59113.0,103.62
2023-09-01,59106.0,104.24
2023-09-04,59385.0,104.24
2023-09-05,59301.0,104.81
2023-09-06,59111.0,104.86
2023-09-07,59016.0,105.06
2023-09-08,58905.0,105.09
2023-09-11,58941.0,104.57
2023-09-12,58642.0,104.71
2023-09-13,58610.0,104.77
2023-09-14,58608.0,105.4
2023-09-15,58992.0,105.32
2023-09-18,59212.0,105.2
2023-09-19,59265.0,105.16
2023-09-20,59363.0,105.12
2023-09-21,58853.0,105.36
2023-09-22,58896.0,105.58
2023-09-25,58707.0,106.0
2023-09-26,58478.0,106.23
2023-09-27,57759.0,106.67
2023-09-28,57146.0,106.22
2023-09-29,57061.0,106.22
2023-10-03,56385.0,107.0
2023-10-04,56229.0,106.8
2023-10-05,56112.0,106.33
2023-10-06,56582.0,106.04
2023-10-09,57268.0,106.08
2023-10-10,57364.0,105.82
2023-10-11,57636.0,105.82
2023-10-12,57613.0,106.6
2023-10-13,58993.0,106.65
2023-10-16,58993.0,106.24
2023-10-17,58922.0,106.25
2023-10-18,59680.0,106.57
2023-10-19,59935.0,106.25
2023-10-20,60405.0,106.16
2023-10-23,60402.0,105.54
2023-10-24,60351.0,106.27
2023-10-25,60652.0,106.53
2023-10-26,60735.0,106.6
2023-10-27,60952.0,106.56
2023-10-30,61077.0,106.12
2023-10-31,60879.0,106.66
2023-11-01,60757.0,106.88
2023-11-02,60805.0,106.12
2023-11-03,60829.0,105.02
2023-11-06,60818.0,105.21
2023-11-07,60365.0,105.54
2023-11-08,60043.0,105.59
2023-11-09,60271.0,105.91
2023-11-10,59697.0,105.86
2023-11-13,59844.0,105.63
2023-11-14,60083.0,104.05
2023-11-15,60120.0,104.39
2023-11-16,60654.0,104.35
2023-11-17,60678.0,103.92
2023-11-20,60657.0,103.44
2023-11-21,61212.0,103.57
2023-11-22,61065.0,103.92
2023-11-23,61093.0,103.77
2023-11-24,61352.0,103.4
2023-11-27,61557.0,103.2
2023-11-28,62409.0,102.75
2023-11-29,62470.0,102.76
2023-11-30,62639.0,103.5
2023-12-01,62876.0,103.27
2023-12-04,62302.0,103.71
2023-12-05,62600.0,104.05
2023-12-06,62269.0,104.15
2023-12-07,62290.0,103.54
2023-12-08,61597.0,104.01
2023-12-11,60986.0,104.1
2023-12-12,60984.0,103.86
2023-12-13,60992.0,102.87
2023-12-14,62229.0,101.96
2023-12-15,61991.0,102.55
2023-12-18,62057.0,102.56
2023-12-19,62211.0,102.17
2023-12-20,62151.0,102.41
2023-12-21,62257.0,101.84
2023-12-22,62657.0,101.7
2023-12-26,62722.0,101.47
2023-12-27,63292.0,100.99
2023-12-28,63119.0,101.23
2023-12-29,62954.0,101.33
2024-01-02,63039.0,102.2
2024-01-03,62294.0,102.49
2024-01-04,62444.0,102.42
2024-01-05,62627.0,102.41
2024-01-08,62140.0,102.21
2024-01-09,62211.0,102.57
2024-01-10,62047.0,102.36
2024-01-11,61830.0,102.29
2024-01-12,62372.0,102.4
2024-01-15,62567.0,102.4
2024-01-16,62065.0,103.36
2024-01-17,61561.0,103.45
2024-01-18,61791.0,103.54
2024-01-19,62021.0,103.29
2024-01-22,61888.0,103.33
2024-01-23,62003.0,103.62
2024-01-24,62072.0,103.24
2024-01-25,62036.0,103.57
2024-01-29,62234.0,103.61
2024-01-30,62371.0,103.4
2024-01-31,62865.0,103.27
2024-02-01,63079.0,103.05
2024-02-02,62639.0,103.92
2024-02-05,62542.0,104.45
2024-02-06,62322.0,104.21
2024-02-07,62305.0,104.06
2024-02-08,62219.0,104.17
2024-02-09,62105.0,104.11
2024-02-12,61856.0,104.17
2024-02-13,61267.0,104.96
2024-02-14,61170.0,104.72
2024-02-15,61306.0,104.3
2024-02-16,61498.0,104.3
2024-02-19,61641.0,104.29
2024-02-20,61810.0,104.08
2024-02-21,61744.0,104.01
2024-02-22,61661.0,103.96
2024-02-23,61910.0,103.94
2024-02-26,61766.0,103.83
2024-02-27,61839.0,103.83
2024-02-28,61792.0,103.97
2024-02-29,62293.0,104.16
2024-03-01,63135.0,103.86
2024-03-04,63605.0,103.83
2024-03-05,64193.0,103.8
2024-03-06,65042.0,103.37
2024-03-07,65246.0,102.82
2024-03-08,65847.0,102.71
2024-03-11,65872.0,102.87
2024-03-12,65334.0,102.96
2024-03-13,65717.0,102.79
2024-03-14,65435.0,103.36
2024-03-15,65367.0,103.43
2024-03-18,65429.0,103.59
2024-03-19,65431.0,103.84
2024-03-20,65556.0,103.41
2024-03-21,65939.0,104.0
2024-03-22,65686.0,104.47
2024-03-25,65862.0,104.24
2024-03-26,66027.0,104.29
2024-03-27,66295.0,104.35
2024-03-28,67592.0,104.55
2024-04-01,68263.0,105.02
2024-04-02,68802.0,104.82
2024-04-03,69725.0,104.25
2024-04-04,69612.0,104.12
2024-04-05,70701.0,104.3
2024-04-08,70607.0,104.14
2024-04-09,71130.0,104.15
2024-04-10,71127.0,105.25
2024-04-11,71514.0,105.28
2024-04-12,71857.0,106.04
2024-04-15,72329.0,106.21
2024-04-16,73109.0,106.26
2024-04-17,72695.0,105.95
2024-04-18,73016.0,106.15
2024-04-19,73246.0,106.15
2024-04-22,71936.0,106.08
2024-04-23,71590.0,105.68
2024-04-24,71692.0,105.86
2024-04-25,71725.0,105.6
2024-04-26,72107.0,105.94
2024-04-29,72250.0,105.58
2024-04-30,70969.0,106.22
2024-05-01,71274.0,105.75
2024-05-02,71119.0,105.3
2024-05-03,70998.0,105.03
2024-05-06,71321.0,105.05
2024-05-07,71136.0,105.41
2024-05-08,71129.0,105.55
2024-05-09,71586.0,105.23
2024-05-10,72595.0,105.3
2024-05-13,71819.0,105.22
2024-05-14,72213.0,105.01
2024-05-15,73001.0,104.35
2024-05-16,72896.0,104.46
2024-05-17,73593.0,104.44
2024-05-20,74283.0,104.57
2024-05-21,73970.0,104.66
2024-05-22,73027.0,104.93
2024-05-23,71632.0,105.11
2024-05-24,71380.0,104.72
2024-05-27,72001.0,104.6
2024-05-28,72145.0,104.61
2024-05-29,71993.0,105.1
2024-05-30,71852.0,104.72
2024-05-31,71703.0,104.67
2024-06-03,71818.0,104.14
2024-06-04,71782.0,104.11
2024-06-05,72485.0,104.27
2024-06-06,72963.0,104.1
2024-06-07,71308.0,104.89
2024-06-10,71303.0,105.15
2024-06-11,71346.0,105.23
2024-06-12,71796.0,104.64
2024-06-13,71030.0,105.2
2024-06-14,71691.0,105.55
2024-06-17,71285.0,105.32
2024-06-18,71503.0,105.26
2024-06-19,71519.0,105.25
2024-06-20,72258.0,105.59
2024-06-21,71429.0,105.8
2024-06-24,71512.0,105.47
2024-06-25,71201.0,105.61
2024-06-26,70919.0,106.05
2024-06-27,71303.0,105.91
2024-06-28,71275.0,105.87
2024-07-01,71329.0,105.9
2024-07-02,71357.0,105.72
2024-07-03,72160.0,105.4
2024-07-04,72151.0,105.13
2024-07-05,73255.0,104.88
2024-07-08,72332.0,105.0
2024-07-09,72385.0,105.13
2024-07-10,72629.0,105.05
2024-07-11,73205.0,104.44
2024-07-12,73159.0,104.09
2024-07-15,73311.0,104.19
2024-07-16,74025.0,104.27
2024-07-17,73924.0,103.75
2024-07-18,73965.0,104.17
2024-07-19,72872.0,104.4
2024-07-22,72641.0,104.31
2024-07-23,68648.0,104.45
2024-07-24,69028.0,104.39
2024-07-25,67491.0,104.36
2024-07-26,68173.0,104.32
2024-07-29,68206.0,104.56
2024-07-30,68617.0,104.55
2024-07-31,69083.0,104.1
2024-08-01,69412.0,104.42
2024-08-02,69381.0,103.21
2024-08-05,68641.0,102.69
2024-08-06,68742.0,102.97
2024-08-07,68752.0,103.2
2024-08-08,69396.0,103.21
2024-08-09,69604.0,103.14
2024-08-12,70354.0,103.14
2024-08-13,70356.0,102.56
2024-08-14,69874.0,102.57
2024-08-16,70938.0,102.46
2024-08-19,71138.0,101.89
2024-08-20,71340.0,101.44
2024-08-21,71407.0,101.04
2024-08-22,70796.0,101.51
2024-08-23,71295.0,100.72
2024-08-26,71500.0,100.85
2024-08-27,71551.0,100.55
2024-08-28,71328.0,101.09
2024-08-29,71666.0,101.34
2024-08-30,71195.0,101.7
2024-09-02,71233.0,101.65
2024-09-03,70807.0,101.82
2024-09-04,71053.0,101.36
2024-09-05,71890.0,101.11
2024-09-06,71409.0,101.18
2024-09-09,71573.0,101.55
2024-09-10,71821.0,101.63
2024-09-11,71878.0,101.68
2024-09-12,72681.0,101.37
2024-09-13,73367.0,101.11
2024-09-16,73422.0,100.76
2024-09-17,73022.0,100.89
2024-09-18,73029.0,100.6
2024-09-19,73357.0,100.61
2024-09-20,73977.0,100.72
2024-09-23,74183.0,100.85
2024-09-24,74886.0,100.47
2024-09-25,75167.0,100.91
2024-09-26,75339.0,100.52
2024-09-27,74878.0,100.38
2024-09-30,74844.0,100.78
2024-10-01,75660.0,101.19
2024-10-03,75827.0,101.99
2024-10-04,75759.0,102.52
2024-10-07,75657.0,102.54
2024-10-08,74799.0,102.55
2024-10-09,74512.0,102.93
2024-10-10,74834.0,102.99
2024-10-11,75738.0,102.89
2024-10-14,75553.0,103.3
2024-10-15,75838.0,103.26
2024-10-16,76163.0,103.59
2024-10-17,76540.0,103.82
2024-10-18,77159.0,103.49
2024-10-21,77508.0,104.01
2024-10-22,78241.0,104.07
2024-10-23,77482.0,104.43
2024-10-24,77872.0,104.06
2024-10-25,78009.0,104.26
2024-10-28,78159.0,104.32
2024-10-29,78865.0,104.32
2024-10-30,79257.0,103.99
2024-10-31,78326.0,103.98
2024-11-01,78829.0,104.28
2024-11-04,78401.0,103.89
2024-11-05,78490.0,103.42
2024-11-06,76689.0,105.09
2024-11-07,77386.0,104.51
2024-11-08,77248.0,105.0
2024-11-11,75382.0,105.54
2024-11-12,74918.0,106.02
2024-11-13,74514.0,106.48
2024-11-14,74151.0,106.67
2024-11-15,73965.0,106.69
2024-11-18,75039.0,106.28
2024-11-19,75555.0,106.21
2024-11-20,76008.0,106.68
2024-11-21,76689.0,106.97
2024-11-22,77579.0,107.55
2024-11-25,75377.0,106.82
2024-11-26,75293.0,107.01
2024-11-27,75788.0,106.08
2024-11-28,75761.0,106.14
2024-11-29,76485.0,105.74
2024-12-02,75815.0,106.45
2024-12-03,75934.0,106.36
2024-12-04,76036.0,106.32
2024-12-05,76353.0,105.71
2024-12-06,76185.0,106.06
2024-12-09,76999.0,106.14
2024-12-10,77745.0,106.4
2024-12-11,78287.0,106.71
2024-12-12,77400.0,106.96
2024-12-13,76592.0,107.0
2024-12-16,76486.0,106.86
2024-12-17,76314.0,106.96
2024-12-18,76115.0,108.03
2024-12-19,75191.0,108.41
2024-12-20,75786.0,107.62
2024-12-23,75506.0,108.04
2024-12-24,75562.0,108.2
2024-12-26,76114.0,108.13
2024-12-27,75783.0,108.0
2024-12-30,75517.0,108.13
2024-12-31,76232.0,108.49
2025-01-02,76849.0,109.39
2025-01-03,76813.0,108.95
2025-01-06,77149.0,108.26
2025-01-07,77514.0,108.54
2025-01-08,77737.0,109.09
2025-01-09,78068.0,109.18
2025-01-10,78398.0,109.65
2025-01-13,78159.0,109.96
2025-01-14,78151.0,109.27
2025-01-15,78658.0,109.09
2025-01-16,79160.0,108.96
2025-01-17,79003.0,109.35
2025-01-20,78530.0,109.35
2025-01-21,79179.0,108.06
2025-01-22,79535.0,108.17
2025-01-23,79594.0,108.05
2025-01-24,79944.0,107.44
2025-01-27,79510.0,107.34
2025-01-28,80163.0,107.87
2025-01-29,80310.0,108.0
2025-01-30,81539.0,107.8
2025-01-31,81836.0,108.37
2025-02-03,82625.0,108.99
2025-02-04,83162.0,107.96
2025-02-05,83976.0,107.58
2025-02-06,83856.0,107.69
2025-02-07,84378.0,108.04
2025-02-10,85308.0,108.32
2025-02-11,85113.0,107.96
2025-02-12,85024.0,107.94
2025-02-13,85368.0,107.31
2025-02-14,84331.0,106.71
2025-02-17,84759.0,106.57
2025-02-18,85742.0,107.05
2025-02-19,85719.0,107.17
2025-02-20,85830.0,106.37
2025-02-21,85795.0,106.61
2025-02-24,86030.0,106.6
2025-02-25,85589.0,106.31
2025-02-26,85837.0,106.42
2025-02-27,85123.0,107.24
2025-02-28,84269.0,107.61
2025-03-03,85355.0,106.75
2025-03-04,86007.0,105.74
2025-03-05,85848.0,104.3
2025-03-06,86002.0,104.06
2025-03-07,85896.0,103.84
2025-03-10,85460.0,103.97
2025-03-11,86113.0,103.29
2025-03-12,86661.0,103.61
2025-03-13,87694.0,103.83
2025-03-14,87924.0,103.72
2025-03-17,87976.0,103.37
2025-03-18,88660.0,103.24
2025-03-19,88564.0,103.43
2025-03-20,88646.0,103.85
2025-03-21,87785.0,104.09
2025-03-24,87313.0,104.26
2025-03-25,87566.0,104.18
2025-03-26,87506.0,104.55
2025-03-27,88213.0,104.33
2025-03-28,88759.0,104.04
2025-03-31,90138.0,104.21
2025-04-01,90409.0,104.26
2025-04-02,90364.0,103.81
2025-04-03,89763.0,102.07
2025-04-04,87940.0,103.02
2025-04-07,86819.0,103.26
2025-04-08,87449.0,102.96
2025-04-09,89489.0,102.9
2025-04-10,91646.0,100.87
2025-04-11,93280.0,100.1
2025-04-14,92835.0,99.64
2025-04-15,93071.0,100.21
2025-04-16,95163.0,99.38
2025-04-17,94784.0,99.38
2025-04-21,96800.0,98.28
2025-04-22,97057.0,98.92
2025-04-23,94530.0,99.84
2025-04-24,95807.0,99.38
2025-04-25,95071.0,99.47
2025-04-28,96159.0,99.01
2025-04-29,95559.0,99.24
2025-04-30,94718.0,99.47
2025-05-01,92382.0,100.25
2025-05-02,92692.0,100.03
2025-05-05,94667.0,99.83
2025-05-06,97460.0,99.24
2025-05-07,97065.0,99.61
2025-05-08,96153.0,100.64
2025-05-09,96490.0,100.34
2025-05-12,92948.0,101.79
2025-05-13,93659.0,101.0
2025-05-14,92305.0,101.04
2025-05-15,93155.0,100.88
2025-05-16,92443.0,101.09
2025-05-19,93314.0,100.43
2025-05-20,94761.0,100.12
2025-05-21,95473.0,99.56
2025-05-22,95461.0,99.96
2025-05-23,96210.0,99.11
2025-05-26,95814.0,99.11
2025-05-27,95055.0,99.52
2025-05-28,95177.0,99.88
2025-05-29,95295.0,99.28
2025-05-30,94712.0,99.33
2025-06-02,97393.0,98.71
2025-06-03,97208.0,99.23
2025-06-04,97973.0,98.79
2025-06-05,97415.0,98.74
2025-06-06,96645.0,99.19
2025-06-09,96703.0,98.94
2025-06-10,96442.0,99.1
2025-06-11,96267.0,98.63
2025-06-12,97786.0,97.92
2025-06-13,99555.0,98.18
2025-06-16,98594.0,98.0
2025-06-17,98911.0,98.82
2025-06-18,99045.0,98.9
2025-06-19,98868.0,98.9
2025-06-20,98574.0,98.71
2025-06-23,98852.0,98.42
2025-06-24,96521.0,97.86
2025-06-25,96760.0,97.68
2025-06-26,96452.0,97.15
2025-06-27,94908.0,97.4
2025-06-30,95678.0,96.88
2025-07-01,97239.0,96.82
2025-07-02,97351.0,96.78
2025-07-03,96801.0,97.18
2025-07-04,96967.0,96.96
2025-07-07,97231.0,97.48
2025-07-08,96485.0,97.52
2025-07-09,96451.0,97.56
2025-07-10,96678.0,97.65
2025-07-11,97759.0,97.85
2025-07-14,97749.0,98.08
2025-07-15,97214.0,98.62
2025-07-16,97758.0,98.39
2025-07-17,97454.0,98.73
2025-07-18,97965.0,98.48
2025-07-21,99217.0,97.85
2025-07-22,100168.0,97.39
2025-07-23,99304.0,97.21
2025-07-24,98668.0,97.38
2025-07-25,97842.0,97.64
2025-07-28,97505.0,98.63
2025-07-29,98125.0,98.89
2025-07-30,98003.0,99.82
2025-07-31,98358.0,99.97
2025-08-01,99240.0,99.14
2025-08-04,100607.0,98.78
2025-08-05,100765.0,98.78
2025-08-06,100687.0,98.18
2025-08-07,100835.0,98.4
2025-08-08,101212.0,98.18
2025-08-11,99785.0,98.52
2025-08-12,99620.0,98.1
2025-08-13,99656.0,97.84
2025-08-14,99362.0,98.25
2025-08-18,99020.0,98.17
2025-08-19,98359.0,98.26
2025-08-20,98903.0,98.22
2025-08-21,99035.0,98.62
2025-08-22,99857.0,97.72
2025-08-25,100118.0,98.43
2025-08-26,100531.0,98.22
2025-08-27,100967.0,98.23
2025-08-28,101481.0,97.81
2025-08-29,103164.0,97.77
2025-09-01,103904.0,97.77
2025-09-02,105695.0,98.4
2025-09-03,107080.0,98.14
2025-09-04,106310.0,98.35
2025-09-05,107605.0,97.77
2025-09-08,108393.0,97.45
2025-09-09,108907.0,97.79
2025-09-10,108884.0,97.78
2025-09-11,108870.0,97.53
2025-09-12,109237.0,97.55
2025-09-15,110045.0,97.3
2025-09-16,110040.0,96.63
2025-09-17,109692.0,96.87
2025-09-18,108951.0,97.35
2025-09-19,109715.0,97.64
2025-09-22,112070.0,97.34
2025-09-23,113715.0,97.26
2025-09-24,112475.0,97.87
2025-09-25,112606.0,98.55
2025-09-26,113664.0,98.15
2025-09-29,115734.0,97.91
2025-09-30,116573.0,97.78
2025-10-01,116968.0,97.71
2025-10-03,117370.0,97.72
2025-10-06,119524.0,98.11
2025-10-07,120354.0,98.58
2025-10-08,122542.0,98.92
2025-10-09,119869.0,99.54
2025-10-10,120727.0,98.98
2025-10-13,123964.0,99.27
2025-10-14,125753.0,99.05
2025-10-15,126641.0,98.79
2025-10-16,128735.0,98.34
2025-10-17,125951.0,98.43
2025-10-20,129493.0,98.59
2025-10-21,127365.0,98.93
2025-10-22,121069.0,98.9
2025-10-23,123305.0,98.94
2025-10-24,122549.0,98.95
2025-10-27,120002.0,98.78
2025-10-28,118699.0,98.67
2025-10-29,119424.0,99.22
2025-10-30,120251.0,99.53
2025-10-31,121209.0,99.8
2025-11-03,121415.0,99.87
2025-11-04,119830.0,100.22
2025-11-05,120494.0,100.2
2025-11-06,120587.0,99.73
2025-11-07,121056.0,99.6
2025-11-10,123897.0,99.59
2025-11-11,123897.0,99.44
2025-11-12,126363.0,99.5
2025-11-13,126668.0,99.16
2025-11-14,123454.0,99.3
2025-11-17,122789.0,99.59
2025-11-18,122591.0,99.55
2025-11-19,122904.0,100.23
2025-11-20,122578.0,100.16
2025-11-21,123849.0,100.18
2025-11-24,123614.0,100.14
2025-11-25,124916.0,99.66
2025-11-26,125674.0,99.6
2025-11-27,125465.0,99.6
2025-11-28,126943.0,99.44
2025-12-01,128034.0,99.41
2025-12-02,128666.0,99.36
2025-12-03,129305.0,98.85
2025-12-04,128894.0,98.99
2025-12-05,129206.0,98.99
2025-12-08,128736.0,99.09
2025-12-09,128853.0,99.22
2025-12-10,128500.0,98.79
2025-12-11,130905.0,98.35
2025-12-12,131645.0,98.4
