date,avg_sentiment,news_count
01-01-2015,0.166713757,189
02-01-2015,0.072951553,805
03-01-2015,0.1120568,125
04-01-2015,-0.016171226,212
05-01-2015,0.104117938,1154
06-01-2015,0.090129077,1582
07-01-2015,0.102368464,1094
08-01-2015,0.066913493,1171
09-01-2015,0.056223911,1033
10-01-2015,0.119228676,136
11-01-2015,0.096231053,190
12-01-2015,0.041749436,886
13-01-2015,0.0431467,1212
14-01-2015,0.072785081,1173
15-01-2015,0.03186473,1205
16-01-2015,0.052455076,926
17-01-2015,0.151347297,74
18-01-2015,0.043496774,124
19-01-2015,0.125199407,506
20-01-2015,0.073756809,1241
21-01-2015,0.081777288,1180
22-01-2015,0.08999542,1332
23-01-2015,0.057968598,1070
24-01-2015,0.055426923,104
25-01-2015,0.123634826,201
26-01-2015,0.041807631,1245
27-01-2015,0.009186986,1460
28-01-2015,0.041865706,1458
29-01-2015,0.023290456,1404
30-01-2015,0.042692747,1103
31-01-2015,0.21358453,181
01-02-2015,0.018258824,102
02-02-2015,0.048288415,1407
03-02-2015,0.071449719,1603
04-02-2015,0.041999333,1500
05-02-2015,0.011378708,1517
06-02-2015,0.063819752,1129
07-02-2015,-0.000746875,96
08-02-2015,0.030776111,180
09-02-2015,0.005465763,1291
10-02-2015,0.04494255,1443
11-02-2015,0.053616772,1425
12-02-2015,0.042839581,1478
13-02-2015,0.053815622,1037
14-02-2015,0.116951316,152
15-02-2015,0.124031343,201
16-02-2015,0.04401985,534
17-02-2015,0.066984495,1464
18-02-2015,0.02153065,1553
19-02-2015,0.042942632,1520
20-02-2015,0.07209096,1062
21-02-2015,0.116592093,215
22-02-2015,0.072056957,230
23-02-2015,0.022099268,1367
24-02-2015,0.017335867,1592
25-02-2015,0.044502496,1122
26-02-2015,0.033138183,1574
27-02-2015,0.049456522,1035
28-02-2015,0.198664249,193
01-03-2015,0.239618815,287
02-03-2015,0.070642359,1263
03-03-2015,0.04521668,1289
04-03-2015,0.017417044,1326
05-03-2015,0.047642639,1243
06-03-2015,0.072760469,1065
07-03-2015,0.09248,175
08-03-2015,0.109807407,135
09-03-2015,0.085973966,1160
10-03-2015,0.071143358,1227
11-03-2015,0.056423897,1201
12-03-2015,0.063975947,1347
13-03-2015,0.041500815,982
14-03-2015,0.015853211,109
15-03-2015,0.038472628,274
16-03-2015,0.034599571,1166
17-03-2015,0.070401049,1334
18-03-2015,0.048258067,1159
19-03-2015,0.063532284,1112
20-03-2015,0.090107312,971
21-03-2015,0.276375706,177
22-03-2015,0.053887283,173
23-03-2015,0.080312642,1060
24-03-2015,0.028056244,1049
25-03-2015,0.049165005,983
26-03-2015,0.060980052,1143
27-03-2015,0.052696804,876
28-03-2015,-0.000935135,148
29-03-2015,0.012264,200
30-03-2015,0.07764188,1053
31-03-2015,0.073751855,1186
01-04-2015,0.0761808,1125
02-04-2015,0.056016556,900
03-04-2015,0.146894144,222
05-04-2015,0.036704673,214
06-04-2015,0.084925659,1025
07-04-2015,0.064589612,799
08-04-2015,0.048597833,969
09-04-2015,0.078672575,1072
10-04-2015,0.07593929,845
11-04-2015,0.192101299,154
12-04-2015,0.07054472,161
13-04-2015,0.10810729,1070
14-04-2015,0.086478212,1074
15-04-2015,0.055870845,1101
16-04-2015,0.068263344,963
17-04-2015,0.068824749,1095
18-04-2015,0.150685211,142
19-04-2015,0.090981675,191
20-04-2015,0.03175319,1207
21-04-2015,0.027136244,1443
22-04-2015,0.061713285,1370
23-04-2015,0.042104811,1538
24-04-2015,0.032860195,1231
25-04-2015,0.025156842,190
26-04-2015,0.115023985,271
27-04-2015,0.028205101,1431
28-04-2015,0.025042747,1820
29-04-2015,0.002602342,1665
30-04-2015,-0.003488198,1720
01-05-2015,0.054890036,1375
02-05-2015,0.070531016,187
03-05-2015,0.084518815,287
04-05-2015,0.023990348,1523
05-05-2015,0.036497277,1873
06-05-2015,0.023791725,1716
07-05-2015,0.025949506,1822
08-05-2015,0.024452099,1215
09-05-2015,0.077432857,210
10-05-2015,0.045137306,386
11-05-2015,0.034777581,1521
12-05-2015,0.038114068,1315
13-05-2015,0.063648553,1244
14-05-2015,0.046882977,1310
15-05-2015,0.048218199,1088
16-05-2015,0.088050526,190
17-05-2015,0.013101852,216
18-05-2015,0.072030922,1258
19-05-2015,0.071181235,1279
20-05-2015,0.061956406,1241
21-05-2015,0.073446575,1241
22-05-2015,0.062858333,984
23-05-2015,0.051841379,174
24-05-2015,0.034331081,222
25-05-2015,0.050709868,304
26-05-2015,0.096297391,1265
27-05-2015,0.072565607,1195
28-05-2015,0.04580087,1150
29-05-2015,0.066270531,1035
30-05-2015,0.213021642,134
31-05-2015,0.186090083,242
01-06-2015,0.048554986,1073
02-06-2015,0.088844854,1195
03-06-2015,0.059784845,937
04-06-2015,0.051590126,1114
05-06-2015,0.079819624,958
06-06-2015,0.139382857,105
07-06-2015,-0.019552632,190
08-06-2015,0.10525,1158
09-06-2015,0.074788428,1253
10-06-2015,0.082131261,1190
11-06-2015,0.099017502,1097
12-06-2015,0.08723305,941
13-06-2015,0.132812727,165
14-06-2015,0.136815823,158
15-06-2015,0.068056588,979
16-06-2015,0.085395724,1146
17-06-2015,0.084295013,1123
18-06-2015,0.109859423,1040
19-06-2015,0.077341084,830
20-06-2015,0.157505714,105
21-06-2015,0.056008228,158
22-06-2015,0.072392016,1002
23-06-2015,0.086002015,1092
24-06-2015,0.077784,1025
25-06-2015,0.080610227,1056
26-06-2015,0.079798993,993
27-06-2015,0.039016176,136
28-06-2015,0.054766279,172
29-06-2015,0.061329292,1229
30-06-2015,0.038067645,1159
01-07-2015,0.098643728,1148
02-07-2015,0.099974631,1017
03-07-2015,0.093338235,272
04-07-2015,0.009054,100
05-07-2015,0.063218116,138
06-07-2015,0.08791248,1250
07-07-2015,0.057023139,1249
08-07-2015,0.071928004,1132
09-07-2015,0.037458415,1123
10-07-2015,0.094763527,913
11-07-2015,0.072423077,169
12-07-2015,-0.01771046,239
13-07-2015,0.059763074,1002
14-07-2015,0.087417303,1231
15-07-2015,0.074561602,1086
16-07-2015,0.061675581,1204
17-07-2015,0.031999357,1088
18-07-2015,0.159478947,114
19-07-2015,0.04049,250
20-07-2015,0.021120102,1179
21-07-2015,0.035198065,1499
22-07-2015,0.043380058,1369
23-07-2015,0.012672631,1604
24-07-2015,0.015885901,1149
26-07-2015,0.075462252,151
27-07-2015,0.023108707,1493
28-07-2015,0.006822388,1675
29-07-2015,0.03608072,1333
30-07-2015,0.02267625,1600
31-07-2015,0.031560293,1229
01-08-2015,0.032203015,199
02-08-2015,0.170028,150
03-08-2015,0.017557581,1207
04-08-2015,0.042885003,1827
05-08-2015,0.026108347,1797
06-08-2015,0.004444211,1857
07-08-2015,0.036802558,1173
08-08-2015,0.009541964,224
09-08-2015,0.004224752,303
10-08-2015,0.030067279,1360
11-08-2015,0.049985886,1417
12-08-2015,0.047448498,1165
13-08-2015,0.008884857,1116
14-08-2015,0.094756687,972
15-08-2015,0.06345122,123
16-08-2015,0.182046667,90
17-08-2015,0.067281231,991
18-08-2015,0.077883735,1162
19-08-2015,0.028318769,1007
20-08-2015,0.056804015,797
21-08-2015,0.052113596,890
22-08-2015,0.004122137,131
23-08-2015,0.184477778,90
24-08-2015,0.046182139,907
25-08-2015,0.065290176,1252
26-08-2015,0.044785039,1016
27-08-2015,0.065552451,1020
28-08-2015,0.081315212,756
30-08-2015,-0.024081373,102
31-08-2015,0.071171317,1025
01-09-2015,0.039795382,1061
02-09-2015,0.057714747,929
03-09-2015,0.098521102,962
04-09-2015,0.094241918,897
05-09-2015,0.294073333,15
06-09-2015,0.057766154,130
07-09-2015,0.067730952,252
08-09-2015,0.059825264,946
09-09-2015,0.066184639,1289
10-09-2015,0.083697925,1060
11-09-2015,0.03579955,889
12-09-2015,0.262695745,94
14-09-2015,0.078185219,778
15-09-2015,0.107137579,950
16-09-2015,0.062641967,915
17-09-2015,0.064735938,1024
18-09-2015,0.135400238,420
19-09-2015,0.072297778,90
20-09-2015,0.037640517,116
21-09-2015,0.045607463,938
22-09-2015,0.111572292,877
23-09-2015,0.134832,475
24-09-2015,0.0488618,822
25-09-2015,0.127805488,820
26-09-2015,0.069238182,110
27-09-2015,0.02374058,69
28-09-2015,0.038113237,967
29-09-2015,0.070692236,1069
30-09-2015,0.068738061,825
01-10-2015,0.111143424,806
02-10-2015,0.082316112,571
03-10-2015,0.073860494,81
04-10-2015,0.123965686,102
05-10-2015,0.105191016,679
06-10-2015,0.074101013,987
07-10-2015,0.02612066,1152
08-10-2015,0.107786859,1248
09-10-2015,0.058307254,965
10-10-2015,-0.022390351,114
11-10-2015,0.157582051,117
12-10-2015,0.047512861,1073
13-10-2015,0.061722607,1243
14-10-2015,0.051201075,1116
15-10-2015,0.064683074,1093
16-10-2015,0.049398853,1046
17-10-2015,0.144860952,105
18-10-2015,0.050706707,164
19-10-2015,0.007405543,1281
20-10-2015,0.033252845,1283
21-10-2015,0.047181038,1445
22-10-2015,0.001668361,1318
24-10-2015,0.041012,25
29-10-2015,0.08555,32
30-10-2015,-0.0310125,80
05-11-2015,0.055494604,278
16-11-2015,0.11485748,127
17-11-2015,0.112766337,202
18-11-2015,0.111293491,338
19-11-2015,0.034634472,3600
20-11-2015,0.012411111,108
23-11-2015,0.039209016,122
24-11-2015,0.032262183,394
25-11-2015,0.064413373,830
26-11-2015,0.034356949,295
27-11-2015,0.046256616,461
28-11-2015,0.096747619,126
29-11-2015,0.081567521,234
30-11-2015,0.055704636,1057
01-12-2015,0.064021601,1199
02-12-2015,0.060819346,1132
03-12-2015,0.064777143,980
04-12-2015,0.036738866,741
05-12-2015,0.119506767,133
06-12-2015,0.018748223,197
07-12-2015,0.031781793,1082
08-12-2015,0.067596432,1065
09-12-2015,0.024547858,957
10-12-2015,0.033871104,879
11-12-2015,0.000585279,754
12-12-2015,0.142144203,138
13-12-2015,0.176661538,91
14-12-2015,0.096852564,936
15-12-2015,0.068641776,912
16-12-2015,0.068168802,968
17-12-2015,-0.012576132,817
18-12-2015,0.039413343,697
19-12-2015,-0.08502,90
20-12-2015,0.027969231,143
21-12-2015,0.035149885,868
22-12-2015,0.061170522,977
23-12-2015,0.036590585,701
24-12-2015,0.13085335,403
26-12-2015,0.169718462,65
27-12-2015,0.10183494,166
28-12-2015,0.065897849,186
29-12-2015,0.056179016,305
30-12-2015,0.040006365,597
31-12-2015,0.082810374,588
01-01-2016,-0.011052679,112
02-01-2016,0.132595763,118
03-01-2016,0.047892523,428
04-01-2016,0.100603013,1029
05-01-2016,0.097478299,1023
06-01-2016,0.08557535,856
07-01-2016,-0.013069381,872
08-01-2016,0.030083728,928
09-01-2016,0.19296087,138
10-01-2016,0.079981776,214
11-01-2016,0.022978004,932
12-01-2016,0.044688307,898
13-01-2016,0.03357466,809
14-01-2016,-0.014805011,918
15-01-2016,-0.018459735,678
16-01-2016,0.105132692,208
17-01-2016,0.052097674,129
18-01-2016,-0.062298864,440
19-01-2016,0.13796068,206
20-01-2016,0.06637893,897
21-01-2016,0.044471744,906
22-01-2016,0.081774185,767
23-01-2016,0.032880198,101
24-01-2016,0.171976045,359
25-01-2016,-0.013361068,899
26-01-2016,0.029925488,973
27-01-2016,0.009093668,995
28-01-2016,-0.023291415,1025
29-01-2016,0.079076033,726
30-01-2016,0.156819277,83
31-01-2016,0.063386446,332
01-02-2016,0.071828385,1071
02-02-2016,0.011857796,962
03-02-2016,0.045632353,1156
04-02-2016,0.038845242,1156
05-02-2016,0.02696514,786
06-02-2016,0.167355303,132
07-02-2016,0.111598016,252
08-02-2016,0.01725962,1159
09-02-2016,-0.01950221,1086
10-02-2016,0.075330742,1145
11-02-2016,0.064215372,1249
12-02-2016,0.046257064,722
13-02-2016,0.081327407,135
14-02-2016,0.059748024,329
15-02-2016,0.024555738,488
16-02-2016,0.021841348,1202
17-02-2016,0.032998421,1140
18-02-2016,-0.00130239,1046
19-02-2016,0.032666557,909
20-02-2016,0.051473118,186
21-02-2016,0.023469863,219
22-02-2016,-0.00301472,1216
23-02-2016,0.008355345,1216
24-02-2016,0.010225128,1174
25-02-2016,0.008401463,1162
26-02-2016,0.050067703,901
27-02-2016,0.145373333,135
28-02-2016,0.052419718,284
29-02-2016,0.021835655,1091
01-03-2016,0.025422149,1210
02-03-2016,0.063090844,1125
03-03-2016,0.036214521,909
04-03-2016,0.075394327,758
05-03-2016,0,14
06-03-2016,0.1221,33
07-03-2016,0.073835602,191
08-03-2016,0.068926172,512
09-03-2016,0.027905849,530
10-03-2016,0.062682014,556
11-03-2016,0.064552857,420
12-03-2016,0.097775521,192
13-03-2016,-0.004282927,246
14-03-2016,0.034286996,546
15-03-2016,-0.019258824,442
16-03-2016,0.053789744,429
17-03-2016,0.020712367,566
18-03-2016,0.106016348,679
19-03-2016,0.024982902,193
20-03-2016,0.091518919,148
21-03-2016,0.074233553,909
22-03-2016,0.023239478,689
23-03-2016,0.026825231,650
24-03-2016,0.038376837,626
25-03-2016,-0.003689071,183
26-03-2016,-0.005839286,84
27-03-2016,0.096710738,149
28-03-2016,0.088476087,782
29-03-2016,0.067478676,680
30-03-2016,0.052787211,563
31-03-2016,0.054516717,664
01-04-2016,0.072916854,712
02-04-2016,0.074704118,170
03-04-2016,0.00048599,207
04-04-2016,0.009073283,801
05-04-2016,0.100224254,804
06-04-2016,0.058530051,792
07-04-2016,0.068230669,688
08-04-2016,0.079063139,567
09-04-2016,0.153345968,124
10-04-2016,0.087991071,112
11-04-2016,0.012644474,751
12-04-2016,0.082186277,787
13-04-2016,0.104780364,769
14-04-2016,0.065899725,727
15-04-2016,0.059928233,634
16-04-2016,0.074727473,273
17-04-2016,0.082630108,186
18-04-2016,0.044944403,795
19-04-2016,0.046441375,771
20-04-2016,0.035617232,708
21-04-2016,0.040109412,680
22-04-2016,0.07158036,611
23-04-2016,0.17526371,124
24-04-2016,0.026812857,210
25-04-2016,0.004634305,755
26-04-2016,0.074999054,634
27-04-2016,0.043628152,579
28-04-2016,0.024048615,650
29-04-2016,0.022387184,554
30-04-2016,0.110062573,171
01-05-2016,-0.02218725,400
02-05-2016,0.056850244,1023
03-05-2016,0.018339043,794
04-05-2016,-0.016437729,872
05-05-2016,0.01380219,685
06-05-2016,0.026847819,619
07-05-2016,0.145440722,194
08-05-2016,0.031400217,461
09-05-2016,0.047592604,960
10-05-2016,0.025137669,815
11-05-2016,0.030050587,767
12-05-2016,-0.034895419,633
13-05-2016,0.04213995,801
14-05-2016,-0.088791406,128
15-05-2016,0.000632819,259
16-05-2016,0.021670392,689
17-05-2016,0.059393571,871
18-05-2016,0.015976768,693
19-05-2016,0.033893118,712
20-05-2016,0.061955904,542
21-05-2016,0.169539597,149
22-05-2016,0.136079133,369
23-05-2016,0.036892119,774
24-05-2016,0.054630269,631
25-05-2016,0.024718588,963
26-05-2016,0.037720054,743
27-05-2016,0.091536137,642
28-05-2016,0.007468235,85
29-05-2016,0.071089247,93
30-05-2016,0.060770161,248
31-05-2016,0.045391898,864
01-06-2016,0.026316894,805
02-06-2016,0.047781335,734
03-06-2016,0.125519395,727
04-06-2016,0.0855112,125
05-06-2016,0.063113397,209
06-06-2016,0.030095916,857
07-06-2016,0.067420764,838
08-06-2016,0.060563555,782
09-06-2016,0.029919554,762
10-06-2016,0.044407188,640
11-06-2016,0.07186129,93
12-06-2016,-0.066493431,137
13-06-2016,0.029380347,519
14-06-2016,0.028372124,678
15-06-2016,0.096186055,796
16-06-2016,0.069500455,660
17-06-2016,0.012369579,641
18-06-2016,-0.005381503,173
19-06-2016,0.108693117,247
20-06-2016,-0.033769059,808
21-06-2016,0.03918388,701
22-06-2016,0.031857584,712
23-06-2016,0.057659774,619
24-06-2016,0.043423056,733
25-06-2016,0.014025,128
26-06-2016,0.044125806,310
27-06-2016,0.039417359,939
28-06-2016,0.099458058,968
29-06-2016,0.066759685,826
30-06-2016,0.037985159,694
01-07-2016,0.00424049,857
02-07-2016,-0.020955491,173
03-07-2016,0.123444105,229
04-07-2016,-0.139698464,586
05-07-2016,0.029879704,1148
06-07-2016,0.084909664,983
07-07-2016,0.075348519,810
08-07-2016,0.015635981,617
09-07-2016,0.138417188,64
10-07-2016,0.037535,280
11-07-2016,0.031148029,964
12-07-2016,0.044994333,847
13-07-2016,0.083005529,850
14-07-2016,0.048208752,697
15-07-2016,0.094310138,651
16-07-2016,0.014166809,235
17-07-2016,0.023010117,257
18-07-2016,0.021196092,870
19-07-2016,0.063308315,926
20-07-2016,0.039439257,861
21-07-2016,0.050322102,923
22-07-2016,0.037465265,547
24-07-2016,0.111038298,188
25-07-2016,0.009931884,1035
26-07-2016,0.054387602,1105
27-07-2016,0.030495794,1379
28-07-2016,0.02279888,1161
29-07-2016,0.037859024,820
30-07-2016,0.055732461,191
31-07-2016,0.041044939,494
01-08-2016,-0.002018732,1057
02-08-2016,0.005640053,1508
03-08-2016,-0.007379022,1554
04-08-2016,0.008809794,1358
05-08-2016,0.118235197,966
06-08-2016,0.095674641,209
07-08-2016,0.034423585,424
08-08-2016,0.022359492,748
09-08-2016,0.022332907,1328
10-08-2016,0.041503532,906
11-08-2016,0.052570425,1011
12-08-2016,0.046478707,634
13-08-2016,0.029113125,160
14-08-2016,0.137508364,275
15-08-2016,0.013943034,890
16-08-2016,-0.000154757,904
17-08-2016,0.042857692,884
18-08-2016,0.006256,750
19-08-2016,0.079854531,618
20-08-2016,0.012724088,137
21-08-2016,-0.01984739,249
22-08-2016,0.030671376,814
23-08-2016,0.044335559,734
24-08-2016,0.056125872,545
25-08-2016,0.08182234,94
26-08-2016,0.064267095,778
27-08-2016,0.085839877,163
28-08-2016,0.0616131,229
29-08-2016,0.026891244,788
30-08-2016,0.097115456,757
31-08-2016,0.007096732,612
01-09-2016,0.040604762,735
02-09-2016,0.001457565,542
03-09-2016,-0.024050365,137
04-09-2016,0.067403782,238
05-09-2016,0.010263333,270
06-09-2016,0.069376426,789
07-09-2016,0.05942328,683
08-09-2016,0.07278285,828
09-09-2016,0.06178764,712
10-09-2016,0.354339244,344
11-09-2016,0.019765174,201
12-09-2016,-0.01582822,691
13-09-2016,0.029076301,730
14-09-2016,0.094577213,610
15-09-2016,0.096858097,494
16-09-2016,0.03637128,672
17-09-2016,-0.041940157,127
18-09-2016,0.084358394,137
19-09-2016,0.022576485,825
20-09-2016,0.074561111,738
21-09-2016,0.093575072,698
22-09-2016,0.059675194,645
23-09-2016,0.107039308,491
24-09-2016,0.012786364,110
25-09-2016,0.076108667,150
26-09-2016,0.062266667,717
27-09-2016,0.093555827,695
28-09-2016,0.051516343,618
29-09-2016,0.059015712,541
30-09-2016,0.095217043,575
01-10-2016,0.159114894,188
02-10-2016,-0.021785211,142
03-10-2016,0.001973366,811
04-10-2016,0.075380268,821
05-10-2016,0.091487778,720
06-10-2016,0.044132258,651
07-10-2016,0.057279487,663
09-10-2016,-0.010575926,216
10-10-2016,-0.014397497,919
11-10-2016,0.118478537,615
12-10-2016,-0.007817114,596
13-10-2016,0.024564725,601
14-10-2016,0.0395503,666
15-10-2016,0.131325,132
16-10-2016,0.062334211,266
17-10-2016,0.049156881,872
18-10-2016,0.024107491,841
19-10-2016,0.017173517,978
20-10-2016,0.037897101,828
21-10-2016,0.119385255,373
23-10-2016,0,3
24-10-2016,0.033812937,773
25-10-2016,0.023914417,1193
26-10-2016,0.037837211,1212
27-10-2016,0.019949123,1311
28-10-2016,0.071860153,783
29-10-2016,0.050024444,180
30-10-2016,0.0482875,376
31-10-2016,0.04223241,1228
01-11-2016,0.038577178,1538
02-11-2016,0.004164548,1416
03-11-2016,0.007502821,1418
04-11-2016,0.040562327,937
05-11-2016,-0.096290909,198
06-11-2016,0.037494697,396
07-11-2016,0.021716286,1271
08-11-2016,0.021215208,1131
09-11-2016,0.071654931,1369
10-11-2016,0.043270341,880
11-11-2016,0.054061948,770
12-11-2016,0.247546602,103
13-11-2016,0.178340824,267
14-11-2016,0.024415742,1334
15-11-2016,0.066080754,1034
16-11-2016,0.054633693,834
17-11-2016,0.046958891,956
18-11-2016,0.066076138,813
19-11-2016,0.02728,150
20-11-2016,0.085359547,309
21-11-2016,0.013572517,1037
22-11-2016,0.0742347,1049
23-11-2016,0.061489696,592
24-11-2016,0.068071218,271
25-11-2016,0.067477925,530
26-11-2016,0.090097619,126
27-11-2016,0.059549474,380
28-11-2016,0.049170183,929
29-11-2016,0.020221143,927
30-11-2016,0.04941517,1147
01-12-2016,0.070784554,997
02-12-2016,0.080503317,1025
03-12-2016,0.038283186,113
04-12-2016,-0.027418447,309
05-12-2016,0.009684109,1032
06-12-2016,0.046928981,942
07-12-2016,0.112051761,852
08-12-2016,0.080798661,971
09-12-2016,0.039425,884
10-12-2016,0.061993382,136
11-12-2016,0.162984452,283
12-12-2016,0.003301429,910
13-12-2016,0.068280972,988
14-12-2016,0.095011939,1114
15-12-2016,0.072813918,855
16-12-2016,0.083654642,851
17-12-2016,0.081456477,193
18-12-2016,0.11354484,281
19-12-2016,0.068540868,1221
20-12-2016,0.056848152,1001
21-12-2016,0.023912673,797
22-12-2016,0.093029301,744
23-12-2016,0.113894527,676
24-12-2016,0.137848333,60
25-12-2016,0.072109677,217
26-12-2016,0.088732642,193
27-12-2016,0.113332021,559
28-12-2016,0.098581536,547
29-12-2016,0.19885398,691
30-12-2016,0.141849701,670
31-12-2016,0.235348438,64
01-01-2017,0.089071566,415
02-01-2017,0.120893764,433
03-01-2017,0.092368147,1058
04-01-2017,0.07509255,1047
05-01-2017,0.066422785,869
06-01-2017,0.078245578,882
07-01-2017,0.027602703,148
08-01-2017,-0.003840275,509
09-01-2017,0.092373906,1257
10-01-2017,0.117360773,1267
11-01-2017,0.041799738,1147
12-01-2017,0.027368056,1080
13-01-2017,0.078721025,937
14-01-2017,0.083313876,209
15-01-2017,-0.002437129,202
16-01-2017,0.035408493,471
17-01-2017,0.081894652,1309
18-01-2017,0.030119618,1310
19-01-2017,0.092642749,1193
20-01-2017,0.093900692,1156
21-01-2017,0.022465116,129
22-01-2017,0.087895238,168
23-01-2017,0.092593187,1277
24-01-2017,0.062582397,1335
25-01-2017,0.065643604,1243
26-01-2017,0.047630653,1318
27-01-2017,0.060663576,1046
28-01-2017,0.075300552,181
29-01-2017,0.059911919,344
30-01-2017,0.024706009,1398
31-01-2017,0.062854841,1446
01-02-2017,0.070278662,1420
02-02-2017,0.050009945,1267
03-02-2017,0.099373258,1062
04-02-2017,0.149095683,139
05-02-2017,0.139592857,224
06-02-2017,0.021411314,1149
07-02-2017,0.042507282,1442
08-02-2017,0.044746014,1543
09-02-2017,0.096183201,1381
10-02-2017,0.049205294,1190
11-02-2017,0.116731746,189
12-02-2017,0.054859078,347
13-02-2017,0.031300519,1349
14-02-2017,0.038474894,1418
15-02-2017,0.060188494,1434
16-02-2017,0.036364034,1165
17-02-2017,0.108699119,681
18-02-2017,0.086355263,152
19-02-2017,0.048684967,153
20-02-2017,0.042136938,601
21-02-2017,0.013090198,1265
22-02-2017,0.02303923,1221
23-02-2017,0.009314465,1431
24-02-2017,0.074342181,972
25-02-2017,0.075847926,217
26-02-2017,0.090249639,415
27-02-2017,0.025774059,1434
28-02-2017,0.042057434,1473
01-03-2017,0.089992703,1439
02-03-2017,0.148537709,1257
03-03-2017,0.117075056,898
04-03-2017,0.047190164,61
05-03-2017,0.086392776,263
06-03-2017,0.057489246,995
07-03-2017,0.053073519,1114
08-03-2017,0.044165517,1247
09-03-2017,0.031761168,1182
10-03-2017,0.082963672,757
11-03-2017,-0.025592035,113
12-03-2017,0.145032653,147
13-03-2017,0.06099615,961
14-03-2017,-0.013269634,1146
15-03-2017,0.063150336,894
16-03-2017,0.055994194,844
17-03-2017,0.082198998,599
18-03-2017,0.003212,200
19-03-2017,0.040771154,156
20-03-2017,0.050129388,752
21-03-2017,0.048625795,818
22-03-2017,0.070042105,722
23-03-2017,0.042349387,816
24-03-2017,0.082982051,702
25-03-2017,-0.011970408,98
26-03-2017,0.021593548,31
27-03-2017,0.084133333,180
28-03-2017,0.107407246,138
29-03-2017,0.10811145,131
30-03-2017,0.138265323,124
31-03-2017,0.075524731,93
02-04-2017,-0.0097,31
03-04-2017,0.117423313,163
04-04-2017,0.108070588,221
05-04-2017,0.126970769,195
06-04-2017,0.180732143,196
07-04-2017,0.174185345,232
09-04-2017,0.069722222,18
10-04-2017,0.115574522,157
11-04-2017,0.059875598,209
12-04-2017,-0.01650582,189
13-04-2017,0.122734286,210
14-04-2017,0.19976129,124
16-04-2017,0.00169,10
17-04-2017,0.161745291,223
18-04-2017,0.131300741,270
19-04-2017,0.057575686,255
20-04-2017,0.15283981,211
21-04-2017,0.127544388,196
22-04-2017,0.118,21
24-04-2017,0.068353247,231
25-04-2017,0.170999565,230
26-04-2017,0.085935263,190
27-04-2017,0.11960383,235
28-04-2017,0.127109778,225
30-04-2017,-0.052248148,27
01-05-2017,0.140657456,228
02-05-2017,0.144926877,253
03-05-2017,0.091856078,255
04-05-2017,0.088519577,378
05-05-2017,0.129382965,317
06-05-2017,0.260266667,9
08-05-2017,0.153459833,239
09-05-2017,0.146103906,256
10-05-2017,0.061619417,206
11-05-2017,0.059310448,268
12-05-2017,0.204279213,178
15-05-2017,0.109670811,370
16-05-2017,0.124497107,242
17-05-2017,0.109758696,184
18-05-2017,0.110069948,193
19-05-2017,0.288019231,130
22-05-2017,0.158429104,134
23-05-2017,0.176195205,292
24-05-2017,0.085717489,223
25-05-2017,0.130463566,258
26-05-2017,0.134883495,206
27-05-2017,0.2858,11
29-05-2017,0.06557619,21
30-05-2017,0.089450521,192
31-05-2017,0.05952293,157
01-06-2017,0.155846988,166
02-06-2017,0.087866667,186
03-06-2017,0.129975,8
04-06-2017,0.071393333,15
05-06-2017,0.158780667,300
06-06-2017,0.131333642,324
07-06-2017,0.143025143,350
08-06-2017,0.178037349,166
09-06-2017,0.098628571,140
11-06-2017,-0.011416667,24
12-06-2017,0.076035664,286
13-06-2017,0.18857085,247
14-06-2017,0.156184466,309
15-06-2017,0.094591319,288
16-06-2017,0.149328315,279
19-06-2017,0.126300909,330
20-06-2017,0.167407921,303
21-06-2017,0.161028479,309
22-06-2017,0.144974351,308
23-06-2017,0.134562055,253
24-06-2017,0.1458,6
25-06-2017,0,13
26-06-2017,0.168734975,203
27-06-2017,0.1121932,250
28-06-2017,0.089984906,106
29-06-2017,0.166297256,328
30-06-2017,0.196046939,245
02-07-2017,0.079492857,14
03-07-2017,0.096860811,222
04-07-2017,0.090641489,94
05-07-2017,0.13451962,316
06-07-2017,0.167553687,339
07-07-2017,0.177611628,430
08-07-2017,0,1
10-07-2017,0.158166158,393
11-07-2017,0.138807053,397
12-07-2017,0.167396676,361
13-07-2017,0.187560767,339
14-07-2017,0.197021528,432
16-07-2017,0.334446154,13
17-07-2017,0.130053957,417
18-07-2017,0.160605085,413
19-07-2017,0.143472837,416
20-07-2017,0.1586,431
21-07-2017,0.123938767,454
22-07-2017,0.279383333,12
24-07-2017,0.109469139,418
25-07-2017,0.103126975,519
26-07-2017,0.104145981,622
27-07-2017,0.066333457,538
28-07-2017,0.081115696,790
29-07-2017,0.101242857,14
31-07-2017,0.101492634,543
01-08-2017,0.10806959,536
02-08-2017,0.118412378,614
03-08-2017,0.126466813,684
04-08-2017,0.095554331,635
07-08-2017,0.154529866,596
08-08-2017,0.138811131,548
09-08-2017,0.100651149,522
10-08-2017,0.112585512,566
11-08-2017,0.189647702,631
12-08-2017,0.38715,4
14-08-2017,0.13418598,592
15-08-2017,0.178766263,495
16-08-2017,0.229763576,453
17-08-2017,0.190435681,426
18-08-2017,0.139332019,431
21-08-2017,0.154915452,343
22-08-2017,0.174423416,363
23-08-2017,0.075327586,348
24-08-2017,0.166709524,336
25-08-2017,0.149061202,366
26-08-2017,0.283209091,11
27-08-2017,0.20683125,16
28-08-2017,0.186887887,388
29-08-2017,0.148804439,428
30-08-2017,0.191071822,472
31-08-2017,0.168125272,368
01-09-2017,0.139882623,305
03-09-2017,0.17,4
04-09-2017,0.019806667,75
05-09-2017,0.180865026,386
06-09-2017,0.158362078,385
07-09-2017,0.1419375,352
08-09-2017,0.174033937,442
10-09-2017,0.067353846,13
11-09-2017,0.207029561,433
12-09-2017,0.135343489,407
13-09-2017,0.210072778,360
14-09-2017,0.17462234,282
15-09-2017,0.143862829,304
18-09-2017,0.23362125,320
19-09-2017,0.179104885,348
20-09-2017,0.191751242,322
21-09-2017,0.177506609,348
22-09-2017,0.220303909,307
23-09-2017,0.050470588,17
25-09-2017,0.152210839,286
26-09-2017,0.198041337,329
27-09-2017,0.193692446,278
28-09-2017,0.218026645,304
29-09-2017,0.22972381,357
30-09-2017,0.03809,10
02-10-2017,0.152925987,304
03-10-2017,0.187967946,443
04-10-2017,0.168558735,332
05-10-2017,0.217273563,348
06-10-2017,0.185449563,343
09-10-2017,0.112110458,306
10-10-2017,0.129512188,361
11-10-2017,0.172246005,413
12-10-2017,0.168138292,363
13-10-2017,0.215045657,449
14-10-2017,-0.268833333,3
16-10-2017,0.165320104,383
17-10-2017,0.136949776,446
18-10-2017,0.170921103,417
19-10-2017,0.152411823,406
20-10-2017,0.192772711,557
22-10-2017,0.231738462,13
23-10-2017,0.137567475,495
24-10-2017,0.094354054,518
25-10-2017,0.12443248,508
26-10-2017,0.136412131,643
27-10-2017,0.106804942,607
30-10-2017,0.103500198,505
31-10-2017,0.103173427,429
01-11-2017,0.102223146,445
02-11-2017,0.075906481,432
03-11-2017,0.105931636,550
04-11-2017,0.112214286,7
05-11-2017,-0.03062,5
06-11-2017,0.103861933,507
07-11-2017,0.123225612,531
08-11-2017,0.076752339,449
09-11-2017,0.099486437,435
10-11-2017,0.146593731,335
13-11-2017,0.13161652,454
14-11-2017,0.144920204,490
15-11-2017,0.186674207,473
16-11-2017,0.11753874,524
17-11-2017,0.056276703,1013
18-11-2017,-0.035176582,158
19-11-2017,0.11092,155
20-11-2017,0.080235802,1296
21-11-2017,0.04730748,1123
22-11-2017,0.112564918,972
23-11-2017,0.02558883,376
24-11-2017,0.066538942,624
25-11-2017,0.098943077,195
26-11-2017,0.169995098,204
27-11-2017,0.007068281,1053
28-11-2017,0.110808617,1056
29-11-2017,-0.012461979,1536
30-11-2017,0.123661049,896
01-12-2017,0.118872988,907
02-12-2017,0.112164602,113
03-12-2017,0.166082014,139
04-12-2017,0.099776131,1370
05-12-2017,0.115945739,1021
06-12-2017,0.116183174,1046
07-12-2017,0.116875113,884
08-12-2017,0.148991224,809
09-12-2017,0.128557062,177
10-12-2017,0.166377632,228
11-12-2017,0.100510674,965
12-12-2017,0.095383721,817
13-12-2017,0.107461131,831
14-12-2017,0.080545066,912
15-12-2017,0.128235108,1014
16-12-2017,0.04030614,228
17-12-2017,0.18837381,294
18-12-2017,0.128840833,960
19-12-2017,0.138903382,1035
20-12-2017,0.128679872,934
21-12-2017,0.075984507,923
22-12-2017,0.108708435,735
23-12-2017,0.188397778,135
24-12-2017,0.069147388,268
25-12-2017,0.133743796,274
26-12-2017,0.137327033,984
27-12-2017,0.136370149,737
28-12-2017,0.118347346,697
29-12-2017,0.138615034,745
30-12-2017,0.073072781,169
31-12-2017,0.126016406,256
01-01-2018,0.217785981,214
02-01-2018,0.100505102,1078
03-01-2018,0.11907972,1070
04-01-2018,0.115802855,1121
05-01-2018,0.121238345,858
06-01-2018,0.047175543,184
07-01-2018,0.096877222,180
08-01-2018,0.046221995,1273
09-01-2018,0.074990975,964
10-01-2018,0.083856574,1156
11-01-2018,0.098169469,1130
12-01-2018,0.11019375,1056
13-01-2018,0.064133871,124
14-01-2018,0.031911017,236
15-01-2018,0.146712334,527
16-01-2018,0.106762986,1313
17-01-2018,0.11744084,1190
18-01-2018,0.11053821,1285
19-01-2018,0.074263447,1056
20-01-2018,-0.01722314,121
21-01-2018,0.024959512,205
22-01-2018,0.080602433,1192
23-01-2018,0.069765936,1277
24-01-2018,0.072006971,1291
25-01-2018,0.081901552,1289
26-01-2018,0.085594044,1041
27-01-2018,0.046971552,116
28-01-2018,0.041848454,194
29-01-2018,0.050230673,1278
30-01-2018,0.051031289,1288
31-01-2018,0.079599673,1530
01-02-2018,0.117984567,1594
02-02-2018,0.054775606,1156
03-02-2018,0.336921918,73
04-02-2018,0.000425751,233
05-02-2018,0.083481791,1351
06-02-2018,0.045927157,1414
07-02-2018,0.022404389,1709
08-02-2018,0.033198607,1364
09-02-2018,0.04085429,1247
10-02-2018,-0.005026471,136
11-02-2018,0.01382628,293
12-02-2018,0.070342025,1185
13-02-2018,0.07396875,1504
14-02-2018,0.078668199,1588
15-02-2018,0.081595485,1484
16-02-2018,0.050102051,975
17-02-2018,-0.017718056,144
18-02-2018,0.076938265,196
19-02-2018,0.084862676,568
20-02-2018,0.03177128,1640
21-02-2018,0.039662754,1576
22-02-2018,0.012555471,1444
23-02-2018,0.055647854,1072
24-02-2018,0.176277019,161
25-02-2018,0.045808191,293
26-02-2018,0.039214861,1366
27-02-2018,0.076743162,1499
28-02-2018,0.028772333,1406
01-03-2018,0.067586716,1340
02-03-2018,0.075650637,1021
03-03-2018,0.179396167,287
04-03-2018,0.072885641,195
05-03-2018,0.00905416,1298
06-03-2018,0.092701326,1282
07-03-2018,0.036462267,1182
08-03-2018,0.046867842,1418
09-03-2018,0.080327773,1055
10-03-2018,0.010500962,208
11-03-2018,0.065998261,230
12-03-2018,0.032167794,1124
13-03-2018,0.043938726,989
14-03-2018,0.06878494,1162
15-03-2018,0.01097432,1250
16-03-2018,0.031091212,899
17-03-2018,0.093944094,127
18-03-2018,0.009559155,284
19-03-2018,0.055553838,990
20-03-2018,0.070808768,901
21-03-2018,0.035595436,723
22-03-2018,0.054285208,960
23-03-2018,0.048789303,804
24-03-2018,0.058122951,122
25-03-2018,0.039162366,279
26-03-2018,0.051221251,1007
27-03-2018,0.058328097,993
28-03-2018,0.047550388,1032
29-03-2018,0.066105054,1108
30-03-2018,0.209859489,274
31-03-2018,0.002353182,220
01-04-2018,0.014771111,135
02-04-2018,0.043265452,1262
03-04-2018,0.03163235,1153
04-04-2018,0.030471802,1032
05-04-2018,0.113195044,1029
06-04-2018,0.07098017,943
07-04-2018,0.067923846,130
08-04-2018,-0.003473756,221
09-04-2018,0.049731767,1149
10-04-2018,0.01784719,1121
11-04-2018,0.096523571,1120
12-04-2018,0.084099407,1012
13-04-2018,0.088924821,979
14-04-2018,0.083968548,124
15-04-2018,0.015655556,288
16-04-2018,0.03869544,965
17-04-2018,0.103394828,1160
18-04-2018,0.047409615,1196
19-04-2018,0.049893339,1186
20-04-2018,0.070911207,1044
21-04-2018,0.130932824,131
22-04-2018,0.099473404,282
23-04-2018,0.090092582,1375
24-04-2018,0.055671722,1510
25-04-2018,0.047940159,1631
26-04-2018,0.049267631,1659
27-04-2018,0.067709106,1230
28-04-2018,0.154205941,202
29-04-2018,0.010447324,355
30-04-2018,0.064142658,1294
01-05-2018,0.030544692,1752
02-05-2018,0.050032467,1962
03-05-2018,0.021435229,1706
04-05-2018,0.073644454,1163
05-05-2018,0.237122222,189
06-05-2018,0.052326757,370
07-05-2018,0.056460065,1530
08-05-2018,0.079655651,1637
09-05-2018,0.040155408,1433
10-05-2018,0.067253251,1538
11-05-2018,0.047314482,1312
12-05-2018,0.083723834,193
13-05-2018,0.029303284,335
14-05-2018,0.082126904,1208
15-05-2018,0.075591069,1478
16-05-2018,0.084703488,1376
17-05-2018,0.043749739,1148
18-05-2018,0.096155556,1017
19-05-2018,-0.037810458,153
20-05-2018,-0.039641429,140
21-05-2018,0.049613779,1212
22-05-2018,0.117497927,1158
23-05-2018,0.062899002,1102
24-05-2018,0.055081514,806
25-05-2018,0.091945635,1008
26-05-2018,0.052311312,221
27-05-2018,0.049949789,237
28-05-2018,0.244769476,439
29-05-2018,0.030737891,1119
30-05-2018,0.0597841,1195
31-05-2018,0.069809885,1214
01-06-2018,0.110162925,1060
02-06-2018,0.024728462,130
03-06-2018,-0.002676923,169
04-06-2018,0.151255574,1229
05-06-2018,0.057123824,957
06-06-2018,0.055866765,1014
07-06-2018,0.049394783,1131
08-06-2018,0.061481348,1024
09-06-2018,-0.01645748,127
10-06-2018,0.193585507,69
11-06-2018,0.106560983,346
12-06-2018,0.062705437,1214
13-06-2018,0.09574188,1096
14-06-2018,0.076382412,904
15-06-2018,0.071707467,991
16-06-2018,-0.106710753,186
17-06-2018,0.002433133,166
18-06-2018,0.077380636,1007
19-06-2018,-0.025338067,1190
20-06-2018,0.071039801,1108
21-06-2018,0.051686284,1203
22-06-2018,0.104254458,931
23-06-2018,-0.130218182,143
24-06-2018,0.054252555,137
25-06-2018,0.038983934,1027
26-06-2018,0.078199561,1139
27-06-2018,0.028146222,1019
28-06-2018,0.073546375,938
29-06-2018,0.054712563,788
30-06-2018,0.182727523,109
01-07-2018,0.036839244,344
02-07-2018,0.037499913,1149
03-07-2018,0.046421944,1039
04-07-2018,0.167452038,319
05-07-2018,0.033264879,951
06-07-2018,0.092681747,893
07-07-2018,0.001785106,188
08-07-2018,0.003105556,198
09-07-2018,0.171005437,1214
10-07-2018,0.052191996,1087
11-07-2018,0.02150625,1264
12-07-2018,0.104104,975
13-07-2018,0.093802314,1037
14-07-2018,0.046186486,111
15-07-2018,0.058896035,227
16-07-2018,0.094521284,1386
17-07-2018,0.065318224,1081
18-07-2018,0.119739058,1147
19-07-2018,0.077885261,1228
20-07-2018,0.095293681,1171
21-07-2018,0.045554483,145
22-07-2018,0.031315265,321
23-07-2018,0.05351541,1207
24-07-2018,0.049607857,1591
25-07-2018,0.029151995,1729
26-07-2018,0.05379005,2010
27-07-2018,0.047054712,1252
28-07-2018,0.048949827,289
29-07-2018,0.084347853,326
30-07-2018,0.041718512,1707
31-07-2018,0.050987562,1825
01-08-2018,0.031771644,2123
02-08-2018,0.023410303,1980
03-08-2018,0.074395868,1428
04-08-2018,0.06310795,239
05-08-2018,0.06048836,378
06-08-2018,0.085508137,1659
07-08-2018,0.024052828,1662
08-08-2018,0.042524607,1654
09-08-2018,0.06331052,1578
10-08-2018,0.07880435,1632
11-08-2018,0.015586256,211
12-08-2018,0.108293787,338
13-08-2018,0.04164818,1374
14-08-2018,0.065034406,1430
15-08-2018,0.053155051,1277
16-08-2018,0.078492484,1224
17-08-2018,0.136396392,970
18-08-2018,0.14509441,322
19-08-2018,0.06797651,298
20-08-2018,0.073977101,1166
21-08-2018,0.092187126,1336
22-08-2018,0.083319371,1368
23-08-2018,0.022709727,1172
24-08-2018,0.061831362,947
25-08-2018,0.091439344,122
26-08-2018,0.054613115,244
27-08-2018,0.111113664,988
28-08-2018,0.106271003,1107
29-08-2018,0.053931385,1061
30-08-2018,0.058143014,1095
31-08-2018,0.079470705,1007
01-09-2018,0.044106667,180
02-09-2018,0.016508214,280
03-09-2018,0.07979076,487
04-09-2018,0.031900188,1063
05-09-2018,0.025312971,1195
06-09-2018,0.075510319,1221
07-09-2018,0.051218526,1031
08-09-2018,0.084108333,156
09-09-2018,0.149436364,110
10-09-2018,0.102238233,1109
11-09-2018,0.040894159,993
12-09-2018,0.087604202,1047
13-09-2018,0.020876515,1056
14-09-2018,0.094053014,813
15-09-2018,0.15001194,134
16-09-2018,-0.063472993,137
17-09-2018,0.055854887,1146
18-09-2018,0.089116917,1064
19-09-2018,0.084450465,967
20-09-2018,0.046437366,1116
21-09-2018,0.107584899,841
22-09-2018,0.008383539,243
23-09-2018,0.060615894,151
24-09-2018,0.076998261,1035
25-09-2018,0.071955546,1154
26-09-2018,0.075293824,1020
27-09-2018,0.124470756,1125
28-09-2018,0.096834354,914
29-09-2018,-0.012249398,166
30-09-2018,-0.021882222,180
01-10-2018,0.04489058,1051
02-10-2018,0.085615655,1054
03-10-2018,0.096520318,1196
04-10-2018,0.072352186,1121
05-10-2018,0.067080598,1103
06-10-2018,-0.040717687,147
07-10-2018,0.124190171,234
08-10-2018,0.080980079,1260
09-10-2018,0.095256208,1329
10-10-2018,0.052753963,1186
11-10-2018,0.05773504,1250
12-10-2018,0.078737318,962
13-10-2018,-0.005811058,208
14-10-2018,0.174008571,210
15-10-2018,0.076337133,1123
16-10-2018,0.07111012,1166
17-10-2018,0.069005593,1180
18-10-2018,0.030250523,1243
19-10-2018,0.083090053,1136
20-10-2018,0.000498529,136
21-10-2018,0.082608791,273
22-10-2018,0.080865953,1307
23-10-2018,0.040257656,1809
24-10-2018,0.031932178,1905
25-10-2018,0.050032583,1909
26-10-2018,0.056346704,1411
27-10-2018,0.039110674,178
28-10-2018,0.046615079,378
29-10-2018,0.058905586,1665
30-10-2018,0.068657524,1688
31-10-2018,0.056382433,1907
01-11-2018,0.032425566,1944
02-11-2018,0.052506671,1424
03-11-2018,0.038734764,233
04-11-2018,0.148286266,466
05-11-2018,0.067284082,1602
06-11-2018,0.038166563,1920
07-11-2018,0.065851792,1730
08-11-2018,0.040752912,1631
09-11-2018,0.020855983,1454
10-11-2018,0.0978,246
11-11-2018,0.076042147,382
12-11-2018,0.043395358,1228
13-11-2018,0.088262314,1409
14-11-2018,0.054368061,1506
15-11-2018,0.073910135,1263
16-11-2018,0.079780375,1228
17-11-2018,-0.084943005,193
18-11-2018,0.090660223,269
19-11-2018,0.063162969,1172
20-11-2018,0.067530922,1313
21-11-2018,0.07195531,1177
22-11-2018,0.111132527,372
23-11-2018,0.077529358,763
24-11-2018,0.076427322,183
25-11-2018,0.012680606,330
26-11-2018,0.102921389,1080
27-11-2018,0.106598203,1113
28-11-2018,0.065217474,1259
29-11-2018,0.128369874,1029
30-11-2018,0.0828947,1000
01-12-2018,0.168111521,217
02-12-2018,0.143358333,240
03-12-2018,0.069128059,1422
04-12-2018,0.053023416,1247
05-12-2018,0.10024136,1059
06-12-2018,0.105444963,1201
07-12-2018,0.063931835,1090
08-12-2018,-0.01130184,163
09-12-2018,0.039110725,345
10-12-2018,0.039212111,1156
11-12-2018,0.144253898,1334
12-12-2018,0.113139733,1198
13-12-2018,0.088588388,887
14-12-2018,0.039699261,1082
15-12-2018,0.023821935,155
16-12-2018,0.087478378,259
17-12-2018,0.071457862,1132
18-12-2018,0.139123623,944
19-12-2018,0.096460386,1088
20-12-2018,0.060360393,967
21-12-2018,0.091381679,917
22-12-2018,0.012715584,154
23-12-2018,0.000487209,172
24-12-2018,0.062538544,742
25-12-2018,0.037047486,179
26-12-2018,0.179156775,738
27-12-2018,0.143339844,768
28-12-2018,0.126067292,746
29-12-2018,0.114514189,148
30-12-2018,0.077817155,239
31-12-2018,0.133705957,940
01-01-2019,0.160744298,228
02-01-2019,0.119404481,1205
03-01-2019,0.099361772,1219
04-01-2019,0.103285714,1134
05-01-2019,0.097134395,157
06-01-2019,0.068105387,297
07-01-2019,0.078116134,1252
08-01-2019,0.141030989,1223
09-01-2019,0.131090347,1326
10-01-2019,0.107639615,1194
11-01-2019,0.132550758,989
12-01-2019,0.044455851,188
13-01-2019,0.024840708,339
14-01-2019,0.069641242,1079
15-01-2019,0.070344106,1247
16-01-2019,0.093262182,1256
17-01-2019,0.083444453,1271
18-01-2019,0.055919604,959
19-01-2019,-0.007040741,162
20-01-2019,0.113418996,279
21-01-2019,0.142747619,567
22-01-2019,0.060177306,1084
23-01-2019,0.101688305,1180
24-01-2019,0.081766831,1423
25-01-2019,0.066827354,1009
26-01-2019,0.077132057,209
27-01-2019,0.03397037,270
28-01-2019,0.107645803,1227
29-01-2019,0.072392514,1563
30-01-2019,0.049766768,1312
31-01-2019,0.084734237,1475
01-02-2019,0.083188116,1136
02-02-2019,0.375082036,167
03-02-2019,0.226637822,349
04-02-2019,0.109348283,1398
05-02-2019,0.08367961,1692
06-02-2019,0.09001527,1480
07-02-2019,0.058969655,1506
08-02-2019,0.09756048,1126
09-02-2019,0.049954268,164
10-02-2019,0.041389028,319
11-02-2019,0.035869318,1232
12-02-2019,0.105099343,1523
13-02-2019,0.079473587,1522
14-02-2019,0.055857115,1560
15-02-2019,0.082292691,1163
16-02-2019,0.023188285,239
17-02-2019,0.104132973,370
18-02-2019,0.089010915,907
19-02-2019,0.101398563,1392
20-02-2019,0.07376099,1515
21-02-2019,0.048632349,1592
22-02-2019,0.059489538,1233
23-02-2019,0.153137963,216
24-02-2019,0.002091463,410
25-02-2019,0.094464291,1305
26-02-2019,0.064935444,1374
27-02-2019,0.071605959,1309
28-02-2019,0.061436829,1249
01-03-2019,0.119299295,1134
02-03-2019,0.012694421,233
03-03-2019,0.044600926,324
04-03-2019,0.086802659,1241
05-03-2019,0.10414565,1069
06-03-2019,0.089784737,1199
07-03-2019,0.123020928,1314
08-03-2019,0.097664029,1251
09-03-2019,0.194089683,126
10-03-2019,0.12188194,299
11-03-2019,0.075334851,505
12-03-2019,0.078220711,1323
13-03-2019,0.082430916,1255
14-03-2019,0.074481276,956
15-03-2019,0.123908067,1128
16-03-2019,0.063712376,202
17-03-2019,0.070845413,218
18-03-2019,0.089356833,1200
19-03-2019,0.114637752,1041
20-03-2019,0.072106465,990
21-03-2019,0.085376576,952
22-03-2019,0.073343234,909
23-03-2019,0.007981466,232
24-03-2019,-0.042205164,213
25-03-2019,0.116803568,953
26-03-2019,0.137309414,1126
27-03-2019,0.102839533,1070
28-03-2019,0.112495436,964
29-03-2019,0.077999808,1043
30-03-2019,0.063767619,210
31-03-2019,0.102364928,345
01-04-2019,0.087850967,1189
02-04-2019,0.104362793,1196
03-04-2019,0.065947339,1090
04-04-2019,0.09898472,1034
05-04-2019,0.124180569,1055
06-04-2019,0.146675155,161
07-04-2019,0.04038822,382
08-04-2019,0.120952654,1187
09-04-2019,0.115416994,1018
10-04-2019,0.114410401,1048
11-04-2019,0.111331662,1137
12-04-2019,0.129413902,1266
13-04-2019,0.035942982,228
14-04-2019,0.089907202,361
15-04-2019,0.070808801,1068
16-04-2019,0.100549961,1291
17-04-2019,0.102843224,1284
18-04-2019,0.027855786,1737
19-04-2019,0.187279061,511
20-04-2019,0.085793299,194
21-04-2019,0.020801385,361
22-04-2019,0.063904193,1264
23-04-2019,0.113292834,1535
24-04-2019,0.064567968,1767
25-04-2019,0.043585927,1748
26-04-2019,0.10322287,1303
27-04-2019,0.027867101,307
28-04-2019,0.127948352,364
29-04-2019,0.071595952,1507
30-04-2019,0.064551732,1732
01-05-2019,0.060498319,1904
02-05-2019,0.048399813,2140
03-05-2019,0.073526587,1749
04-05-2019,0.1747081,321
05-05-2019,0.076950799,563
06-05-2019,0.015365414,1862
07-05-2019,0.03591603,2015
08-05-2019,0.018674554,1737
09-05-2019,0.012732623,1643
10-05-2019,0.059402413,1409
11-05-2019,0.087598071,311
12-05-2019,0.20011295,417
13-05-2019,0.028564215,1509
14-05-2019,0.067914063,1472
15-05-2019,0.101245853,1507
16-05-2019,0.050702735,1243
17-05-2019,0.10946713,1007
18-05-2019,-0.025867133,286
19-05-2019,0.090773441,433
20-05-2019,0.065264835,1092
21-05-2019,0.087336331,1101
22-05-2019,0.056876853,1214
23-05-2019,0.050730668,1213
24-05-2019,0.053291585,915
25-05-2019,0.174583964,449
26-05-2019,0.018087356,261
27-05-2019,0.04174176,534
28-05-2019,0.090501403,1069
29-05-2019,0.05080144,1389
30-05-2019,0.060934238,1253
31-05-2019,0.049487022,1125
01-06-2019,0.008030565,301
02-06-2019,-0.052796403,417
03-06-2019,0.065041717,1666
04-06-2019,0.080311298,1071
05-06-2019,0.069979757,1151
06-06-2019,0.056529963,1345
07-06-2019,0.075347447,940
08-06-2019,-0.022514035,228
09-06-2019,0.032188636,352
10-06-2019,0.142791559,1161
11-06-2019,0.110704121,1092
12-06-2019,0.043608442,1149
13-06-2019,0.069899744,1174
14-06-2019,0.058593542,1053
15-06-2019,0.035197152,316
16-06-2019,0.141154519,343
17-06-2019,0.148567733,1032
18-06-2019,0.132238315,1151
19-06-2019,0.102511905,1134
20-06-2019,0.04839754,1057
21-06-2019,0.120096173,993
22-06-2019,0.140166952,351
23-06-2019,0.033412996,277
24-06-2019,0.090693506,1078
25-06-2019,0.07753003,999
26-06-2019,0.114218262,1243
27-06-2019,0.116797905,1050
28-06-2019,0.110087209,946
29-06-2019,0.089568487,238
30-06-2019,0.068077961,304
01-07-2019,0.133371163,1075
02-07-2019,0.120528224,1070
03-07-2019,0.166544737,1102
04-07-2019,0.099828049,492
05-07-2019,0.077322766,817
06-07-2019,0.191332,200
07-07-2019,0.108097112,277
08-07-2019,0.109597894,1092
09-07-2019,0.080452622,1049
10-07-2019,0.126851455,1065
11-07-2019,0.077273611,1152
12-07-2019,0.123062319,966
13-07-2019,0.09364,285
14-07-2019,0.076027181,298
15-07-2019,0.081086466,1426
16-07-2019,0.068461791,1340
17-07-2019,0.055037349,1328
18-07-2019,0.067303859,1529
19-07-2019,0.091030818,1272
20-07-2019,0.075973984,246
21-07-2019,0.066730348,402
22-07-2019,0.079053225,1535
23-07-2019,0.058321407,1649
24-07-2019,0.04796542,1845
25-07-2019,0.052658466,2138
26-07-2019,0.070650343,1456
27-07-2019,0.135675358,349
28-07-2019,0.00433607,341
29-07-2019,0.080004389,1686
30-07-2019,0.071001816,2093
31-07-2019,0.049093327,2083
01-08-2019,0.019286927,2050
02-08-2019,0.069739671,1520
03-08-2019,0.000700735,272
04-08-2019,0.03326858,697
05-08-2019,0.052249376,1762
06-08-2019,0.013175263,1807
07-08-2019,0.05218157,2268
08-08-2019,0.049138086,2090
09-08-2019,0.039598028,1369
10-08-2019,0.141960506,395
11-08-2019,-0.019081092,513
12-08-2019,0.044186093,1395
13-08-2019,0.090674657,1456
14-08-2019,0.037635477,1508
15-08-2019,0.084333561,1320
16-08-2019,0.101066147,1155
17-08-2019,-0.020783768,345
18-08-2019,0.044060054,373
19-08-2019,0.061450702,1282
20-08-2019,0.091401455,1306
21-08-2019,0.087646556,1568
22-08-2019,0.077298646,1182
23-08-2019,0.030851349,1001
24-08-2019,0.147602597,539
25-08-2019,-0.090909668,331
26-08-2019,0.055789229,1142
27-08-2019,0.074172014,1147
28-08-2019,0.068097772,1212
29-08-2019,0.057217785,1237
30-08-2019,0.092973384,913
31-08-2019,0.027353073,179
01-09-2019,0.11791847,379
02-09-2019,0.161586441,590
03-09-2019,0.059341785,1199
04-09-2019,0.100900296,1352
05-09-2019,0.063073515,1465
06-09-2019,0.112808691,1047
07-09-2019,0.21107458,476
08-09-2019,0.009360533,413
09-09-2019,0.10041082,1146
10-09-2019,0.084492287,1141
11-09-2019,0.101019317,1025
12-09-2019,0.056843767,1115
13-09-2019,0.109971365,1128
14-09-2019,0.161097518,282
15-09-2019,0.172722646,446
16-09-2019,0.031977333,1275
17-09-2019,0.134917369,1163
18-09-2019,0.094926841,1073
19-09-2019,0.073900967,1137
20-09-2019,0.07535395,1114
21-09-2019,0.209550904,332
22-09-2019,0.042338874,373
23-09-2019,0.102790827,1330
24-09-2019,0.081027849,1246
25-09-2019,0.104017152,1201
26-09-2019,0.074387406,1334
27-09-2019,0.088351732,837
28-09-2019,0.103180802,349
29-09-2019,0.063061468,218
30-09-2019,0.086871033,1046
01-10-2019,0.072395656,1151
02-10-2019,0.074456842,1140
03-10-2019,0.064021607,1083
04-10-2019,0.118677399,1115
05-10-2019,0.066967761,335
06-10-2019,0.113612635,277
07-10-2019,0.151476732,1285
08-10-2019,0.069087619,1155
09-10-2019,0.122431273,1343
10-10-2019,0.098617098,1351
11-10-2019,0.136308492,1260
12-10-2019,0.09047715,407
13-10-2019,0.091531875,320
14-10-2019,0.082486291,1313
15-10-2019,0.135097703,1480
16-10-2019,0.137720779,1848
17-10-2019,0.096242959,1676
18-10-2019,0.15854776,1585
19-10-2019,0.07846309,233
20-10-2019,0.144489773,264
21-10-2019,0.079030552,1522
22-10-2019,0.065604293,1910
23-10-2019,0.089500637,2041
24-10-2019,0.054565936,1961
25-10-2019,0.086227402,1686
26-10-2019,0.089170345,435
27-10-2019,-0.074245,420
28-10-2019,0.061561753,1506
29-10-2019,0.046818316,1758
30-10-2019,0.021794099,1847
31-10-2019,0.057569884,1896
01-11-2019,0.087400486,1441
02-11-2019,0.134252703,370
03-11-2019,0.120740403,745
04-11-2019,0.069579528,1739
05-11-2019,0.071713893,2073
06-11-2019,0.097353497,2402
07-11-2019,0.106726063,2398
08-11-2019,0.113239525,2019
09-11-2019,0.071082953,569
10-11-2019,0.084002828,495
11-11-2019,0.104832003,1403
12-11-2019,0.08268076,2027
13-11-2019,0.114310125,2311
14-11-2019,0.120116301,2595
15-11-2019,0.150314652,1795
16-11-2019,0.140375309,405
17-11-2019,0.014672436,468
18-11-2019,0.131548102,1528
19-11-2019,0.066616286,1443
20-11-2019,0.100394912,1356
21-11-2019,0.117537678,1611
22-11-2019,0.118265717,1053
23-11-2019,0.233516708,401
24-11-2019,0.163805714,350
25-11-2019,0.102468502,1308
26-11-2019,0.128671994,1239
27-11-2019,0.130203021,1357
28-11-2019,0.153625974,616
29-11-2019,0.101107613,775
30-11-2019,0.202951408,426
01-12-2019,0.099159603,453
02-12-2019,0.117472196,1507
03-12-2019,0.091308611,1533
04-12-2019,0.115197808,1551
05-12-2019,0.065765852,1596
06-12-2019,0.137099097,1329
07-12-2019,0.212685304,592
08-12-2019,0.019323242,654
09-12-2019,0.116518107,1458
10-12-2019,0.079193278,1696
11-12-2019,0.075032942,1618
12-12-2019,0.100467871,1522
13-12-2019,0.180396756,1387
14-12-2019,-0.045772232,551
15-12-2019,-0.130241764,601
16-12-2019,0.167981383,376
17-12-2019,0.165489641,473
18-12-2019,0.167414798,446
19-12-2019,0.160030484,351
20-12-2019,0.152898272,405
21-12-2019,0.07196875,16
22-12-2019,0.045801786,56
23-12-2019,0.130259672,305
24-12-2019,0.20914065,369
25-12-2019,0.165514583,48
26-12-2019,0.13017605,238
27-12-2019,0.164839818,329
29-12-2019,0.076819608,51
30-12-2019,0.147849538,325
31-12-2019,0.132037419,310
01-01-2020,0.24332973,74
02-01-2020,0.154301786,224
03-01-2020,0.154865946,370
06-01-2020,0.109144762,315
07-01-2020,0.120095065,385
08-01-2020,0.164935129,427
09-01-2020,0.213941143,350
10-01-2020,0.15294136,353
11-01-2020,0.118743077,65
12-01-2020,0.089660241,83
13-01-2020,0.172756281,398
14-01-2020,0.159827068,399
15-01-2020,0.164386999,823
16-01-2020,0.176574159,743
17-01-2020,0.215261962,744
18-01-2020,0.047501961,51
19-01-2020,0.14283125,80
20-01-2020,0.117771395,430
21-01-2020,0.13656838,895
22-01-2020,0.14807783,848
23-01-2020,0.147988856,1005
24-01-2020,0.17782,835
25-01-2020,0.118421667,60
26-01-2020,0.102719588,97
27-01-2020,0.145674865,923
28-01-2020,0.117253349,851
29-01-2020,0.180496693,1119
30-01-2020,0.149281782,999
31-01-2020,0.182602336,1113
01-02-2020,0.102476087,46
02-02-2020,0.039585714,70
03-02-2020,0.153148785,988
04-02-2020,0.171300684,1170
05-02-2020,0.128617816,1044
06-02-2020,0.185011447,1686
07-02-2020,0.13928662,1151
09-02-2020,0.201427184,206
10-02-2020,0.188532874,1378
11-02-2020,0.209048116,1513
12-02-2020,0.154331237,986
13-02-2020,0.19515636,1533
14-02-2020,0.178831545,1398
15-02-2020,0.079810256,39
16-02-2020,0.032554815,135
17-02-2020,0.189539056,1800
18-02-2020,0.161195509,1158
19-02-2020,0.17102359,975
20-02-2020,0.172425142,883
21-02-2020,0.187764747,851
22-02-2020,0.193582407,108
23-02-2020,0.097772258,155
24-02-2020,0.156934144,1233
25-02-2020,0.201794093,948
26-02-2020,0.168983047,932
27-02-2020,0.140537553,948
28-02-2020,0.110562033,856
29-02-2020,0.224443042,309
01-03-2020,0.270609195,348
02-03-2020,0.131841582,784
03-03-2020,0.152325951,736
04-03-2020,0.133791516,719
05-03-2020,0.13261594,665
06-03-2020,0.132475246,610
07-03-2020,0.027120492,122
08-03-2020,0.074532479,117
09-03-2020,0.162307831,498
10-03-2020,0.090398763,566
11-03-2020,0.150815332,737
12-03-2020,0.148768156,694
13-03-2020,0.105207413,661
14-03-2020,0.039477778,72
15-03-2020,0.033585981,107
16-03-2020,0.135268947,731
17-03-2020,0.184997537,812
18-03-2020,0.142973855,895
19-03-2020,0.115138604,702
20-03-2020,0.163982698,682
21-03-2020,-0.055711828,93
22-03-2020,0.080936486,74
23-03-2020,0.121590079,635
24-03-2020,0.119746678,602
25-03-2020,0.15185534,618
26-03-2020,0.101271453,578
27-03-2020,0.151518698,722
28-03-2020,0.109645736,129
29-03-2020,0.155550495,101
30-03-2020,0.138034851,637
31-03-2020,0.131468254,630
01-04-2020,0.13809986,713
02-04-2020,0.097719787,657
03-04-2020,0.133220394,711
04-04-2020,-0.112128846,52
06-04-2020,0.146096201,658
07-04-2020,0.118448221,815
08-04-2020,0.127719336,843
09-04-2020,0.11809802,808
10-04-2020,0.201210456,373
11-04-2020,0.04609322,59
12-04-2020,0.020898551,69
13-04-2020,0.115834848,858
14-04-2020,0.151744186,860
15-04-2020,0.129087685,1015
16-04-2020,0.126549434,971
17-04-2020,0.152975265,849
18-04-2020,0.00675,58
19-04-2020,-0.010490141,71
20-04-2020,0.132872569,864
21-04-2020,0.164227003,774
22-04-2020,0.14763378,1119
23-04-2020,0.143213186,1130
24-04-2020,0.108807629,970
25-04-2020,0.042116981,53
26-04-2020,0.145712745,102
27-04-2020,0.125695202,1188
28-04-2020,0.09355322,1289
29-04-2020,0.182965368,1155
30-04-2020,0.100707838,1480
01-05-2020,0.12743319,928
02-05-2020,0.096440323,62
03-05-2020,0.045244595,74
04-05-2020,0.134377891,1081
05-05-2020,0.131417128,1518
06-05-2020,0.149514043,1175
07-05-2020,0.18600249,763
08-05-2020,0.135988379,1437
10-05-2020,0.088606452,93
11-05-2020,0.163014138,870
12-05-2020,0.204418414,1059
13-05-2020,0.176620601,1165
14-05-2020,0.138577379,1198
15-05-2020,0.154996839,1898
16-05-2020,0.019216901,71
17-05-2020,0.03505,110
18-05-2020,0.129800703,853
19-05-2020,0.151416905,420
20-05-2020,0.130336735,539
21-05-2020,0.145668983,403
22-05-2020,0.122310976,328
23-05-2020,0.102375556,90
24-05-2020,-0.00539596,99
25-05-2020,0.04919011,91
26-05-2020,0.122754972,362
27-05-2020,0.107995465,441
28-05-2020,0.100952834,882
29-05-2020,0.14079963,540
30-05-2020,0.101277876,113
31-05-2020,0.116010092,109
01-06-2020,0.123281989,372
02-06-2020,0.129205917,338
03-06-2020,0.175797605,334
04-04-2015,-0.099698387,62
25-07-2015,0.076684615,13
13-09-2015,0.217265625,32
15-11-2015,0.04522069,29
22-11-2015,0.107585714,14
25-12-2015,0.047503226,31
23-07-2016,0.3385,7
08-10-2016,0.134437241,145
08-04-2017,0.13942,5
15-04-2017,0.071357143,7
23-04-2017,0,18
21-05-2017,0.057604545,22
09-07-2017,0.14836875,16
15-07-2017,0.34855,2
23-07-2017,0.025616667,12
30-07-2017,0.085,4
05-08-2017,0.246633333,3
13-08-2017,0.087992308,13
20-08-2017,0.02813,10
17-09-2017,-0.08278,5
24-09-2017,0.0385125,8
08-10-2017,0.264466667,9
15-10-2017,0,6
28-10-2017,0.196375,4
29-10-2017,0.111811111,9
11-11-2017,0.03005,4
04-01-2020,0.025308333,24
08-02-2020,0.190651515,33
05-04-2020,0,2
09-05-2020,-0.016656667,60
01-04-2017,0,3
07-05-2017,0.089290909,22
14-05-2017,-0.007731579,19
18-06-2017,0.101958333,12
05-01-2020,-0.052601667,60
04-06-2020,0.189181208,149
06-11-2015,-0.463216,25
20-05-2017,0.23845,4
17-06-2017,-0.016142857,7
07-10-2017,0,1
10-11-2015,0.613783333,42
06-08-2017,0.05972,15
02-09-2017,-0.166525,4
16-09-2017,-0.116183333,6
01-10-2017,0,3
21-10-2017,0.1786,8
04-11-2015,0.10115,2
13-05-2017,0,2
10-06-2017,0,3
28-12-2019,0.219257143,7
29-08-2015,0,5
23-10-2015,0.065783333,6
09-09-2017,0.4466,1
09-11-2015,0.4019,10
21-11-2015,0,3
29-04-2017,0.3701,5
12-11-2017,0,1
